{"mean_absolute_error": 146.19716430119843, "explained_variance_score": 0.02383212976659299, "r2_score": -0.05237283984169294, "pearson_correlation": 0.15532579655678658, "mean_squared_error": 38676.22402677054, "median_absolute_error": 119.61408534337863, "start": "22:35:41", "end": "22:36:11"}