{"roc_auc": 0.8321078431372549, "accuracy_score": 0.8773584905660378, "balanced_accuracy_score": 0.8321078431372549, "matthews_corrcoef": 0.7115729115021614, "f1_score": 0.8773584905660378, "classification_report": {"1": {"precision": 0.8734177215189873, "recall": 0.9583333333333334, "f1-score": 0.913907284768212, "support": 72}, "2": {"precision": 0.8888888888888888, "recall": 0.7058823529411765, "f1-score": 0.7868852459016393, "support": 34}, "accuracy": 0.8773584905660378, "macro avg": {"precision": 0.8811533052039381, "recall": 0.8321078431372549, "f1-score": 0.8503962653349257, "support": 106}, "weighted avg": {"precision": 0.8783801714300878, "recall": 0.8773584905660378, "f1-score": 0.8731643666411982, "support": 106}}, "start": "22:40:51", "end": "22:42:03"}