{"f1_macro": 0.7321369128955336, "accuracy_score": 0.71, "balanced_accuracy_score": 0.7342030630188525, "matthews_corrcoef": 0.6781243967635868, "classification_report": {"1": {"precision": 1.0, "recall": 1.0, "f1-score": 1.0, "support": 16}, "2": {"precision": 0.9090909090909091, "recall": 0.9090909090909091, "f1-score": 0.9090909090909091, "support": 22}, "3": {"precision": 0.9444444444444444, "recall": 0.6538461538461539, "f1-score": 0.7727272727272727, "support": 26}, "4": {"precision": 0.47619047619047616, "recall": 0.5263157894736842, "f1-score": 0.5, "support": 19}, "5": {"precision": 0.5416666666666666, "recall": 0.65, "f1-score": 0.5909090909090908, "support": 20}, "6": {"precision": 0.9285714285714286, "recall": 0.8666666666666667, "f1-score": 0.896551724137931, "support": 15}, "7": {"precision": 0.47619047619047616, "recall": 0.4166666666666667, "f1-score": 0.4444444444444445, "support": 24}, "8": {"precision": 0.6666666666666666, "recall": 0.7777777777777778, "f1-score": 0.717948717948718, "support": 18}, "9": {"precision": 0.9411764705882353, "recall": 1.0, "f1-score": 0.9696969696969697, "support": 16}, "10": {"precision": 0.5, "recall": 0.5416666666666666, "f1-score": 0.52, "support": 24}, "accuracy": 0.71, "macro avg": {"precision": 0.7383997538409304, "recall": 0.7342030630188525, "f1-score": 0.7321369128955336, "support": 200}, "weighted avg": {"precision": 0.7242623716153127, "recall": 0.71, "f1-score": 0.7122113093802749, "support": 200}}, "start": "22:11:58", "end": "22:14:39"}