{"roc_auc": 0.630306851618327, "accuracy_score": 0.69, "balanced_accuracy_score": 0.630306851618327, "matthews_corrcoef": 0.3177857926405827, "f1_score": 0.69, "classification_report": {"0": {"precision": 0.7, "recall": 0.358974358974359, "f1-score": 0.4745762711864407, "support": 39}, "1": {"precision": 0.6875, "recall": 0.9016393442622951, "f1-score": 0.7801418439716312, "support": 61}, "accuracy": 0.69, "macro avg": {"precision": 0.69375, "recall": 0.630306851618327, "f1-score": 0.627359057579036, "support": 100}, "weighted avg": {"precision": 0.692375, "recall": 0.69, "f1-score": 0.660971270585407, "support": 100}}, "start": "21:28:24", "end": "21:29:26"}
