{"f1_macro": 0.863600386100386, "accuracy_score": 0.8470588235294118, "balanced_accuracy_score": 0.865186586868509, "matthews_corrcoef": 0.7952727835580978, "classification_report": {"1": {"precision": 0.72, "recall": 0.782608695652174, "f1-score": 0.7499999999999999, "support": 23}, "2": {"precision": 0.7916666666666666, "recall": 0.7307692307692307, "f1-score": 0.76, "support": 26}, "3": {"precision": 0.9444444444444444, "recall": 1.0, "f1-score": 0.9714285714285714, "support": 17}, "4": {"precision": 1.0, "recall": 0.9473684210526315, "f1-score": 0.972972972972973, "support": 19}, "accuracy": 0.8470588235294118, "macro avg": {"precision": 0.8640277777777778, "recall": 0.865186586868509, "f1-score": 0.863600386100386, "support": 85}, "weighted avg": {"precision": 0.8493986928104575, "recall": 0.8470588235294118, "f1-score": 0.8471855553032023, "support": 85}}, "start": "22:54:44", "end": "22:56:36"}
