,model,score_val,pred_time_val,fit_time,pred_time_val_marginal,fit_time_marginal,stack_level,can_infer
0,weighted_ensemble_k0_l1,-0.2857313557267449,0.8089570999145508,22.580908060073853,0.0010066032409667969,0.5271639823913574,1,True
1,LightGBMRegressorCustom_STACKER_l0,-0.3004407074808802,0.027135133743286133,1.1258373260498047,0.027135133743286133,1.1258373260498047,0,True
2,RandomForestRegressorMSE_STACKER_l0,-0.31102061855670116,0.6382489204406738,4.484871864318848,0.6382489204406738,4.484871864318848,0,True
3,CatboostRegressor_STACKER_l0,-0.3160744801238,0.04161667823791504,2.3043036460876465,0.04161667823791504,2.3043036460876465,0,True
4,NeuralNetRegressor_STACKER_l0,-0.32544176408156905,0.10094976425170898,14.138731241226196,0.10094976425170898,14.138731241226196,0,True
5,ExtraTreesRegressorMSE_STACKER_l0,-0.3328391752577326,0.6296663284301758,3.3141167163848877,0.6296663284301758,3.3141167163848877,0,True
6,LightGBMRegressor_STACKER_l0,-0.3996956484112542,0.029198408126831055,0.7277534008026123,0.029198408126831055,0.7277534008026123,0,True
7,KNeighborsRegressorDist_STACKER_l0,-0.7291234693214277,0.6610651016235352,0.1148066520690918,0.6610651016235352,0.1148066520690918,0,True
8,KNeighborsRegressorUnif_STACKER_l0,-0.7761030927835051,0.7940566539764404,0.11293482780456543,0.7940566539764404,0.11293482780456543,0,True
