{"mean_absolute_error": 0.15969086291061407, "explained_variance_score": 0.883728907897278, "r2_score": 0.8832924113735826, "pearson_correlation": 0.9404665707572999, "mean_squared_error": 0.043545241009910245, "median_absolute_error": 0.16434381994292052, "start": "21:06:47", "end": "21:07:17"}