{"mean_absolute_error": 124.72519633924841, "explained_variance_score": -0.06663325551999422, "r2_score": -0.13082872807642776, "pearson_correlation": -0.02630372209089166, "mean_squared_error": 25903.007603253554, "median_absolute_error": 93.2162925037303, "start": "22:36:42", "end": "22:37:13"}
