{"f1_macro": 0.5600885515496522, "accuracy_score": 0.6054421768707483, "balanced_accuracy_score": 0.5520355499571371, "matthews_corrcoef": 0.34864784082241435, "classification_report": {"1": {"precision": 0.6707317073170732, "recall": 0.7534246575342466, "f1-score": 0.7096774193548389, "support": 73}, "2": {"precision": 0.5454545454545454, "recall": 0.41379310344827586, "f1-score": 0.47058823529411764, "support": 29}, "3": {"precision": 0.5116279069767442, "recall": 0.4888888888888889, "f1-score": 0.5, "support": 45}, "accuracy": 0.6054421768707483, "macro avg": {"precision": 0.5759380532494544, "recall": 0.5520355499571371, "f1-score": 0.5600885515496522, "support": 147}, "weighted avg": {"precision": 0.5973119201787866, "recall": 0.6054421768707483, "f1-score": 0.5983232002478411, "support": 147}}, "start": "21:18:02", "end": "21:19:37"}