{"f1_macro": 0.7300427743570082, "accuracy_score": 0.725, "balanced_accuracy_score": 0.7420247375675544, "matthews_corrcoef": 0.6962262804862116, "classification_report": {"1": {"precision": 1.0, "recall": 1.0, "f1-score": 1.0, "support": 19}, "2": {"precision": 1.0, "recall": 1.0, "f1-score": 1.0, "support": 13}, "3": {"precision": 0.5909090909090909, "recall": 0.7647058823529411, "f1-score": 0.6666666666666667, "support": 17}, "4": {"precision": 0.6, "recall": 0.391304347826087, "f1-score": 0.47368421052631576, "support": 23}, "5": {"precision": 0.7931034482758621, "recall": 0.7931034482758621, "f1-score": 0.7931034482758621, "support": 29}, "6": {"precision": 0.6842105263157895, "recall": 0.5652173913043478, "f1-score": 0.6190476190476191, "support": 23}, "7": {"precision": 0.6, "recall": 0.4090909090909091, "f1-score": 0.4864864864864865, "support": 22}, "8": {"precision": 0.7142857142857143, "recall": 0.9523809523809523, "f1-score": 0.8163265306122449, "support": 21}, "9": {"precision": 1.0, "recall": 0.9444444444444444, "f1-score": 0.9714285714285714, "support": 18}, "10": {"precision": 0.391304347826087, "recall": 0.6, "f1-score": 0.47368421052631576, "support": 15}, "accuracy": 0.725, "macro avg": {"precision": 0.7373813127612544, "recall": 0.7420247375675544, "f1-score": 0.7300427743570082, "support": 200}, "weighted avg": {"precision": 0.733259309340545, "recall": 0.725, "f1-score": 0.7195135135135137, "support": 200}}, "start": "22:22:19", "end": "22:24:44"}