{"roc_auc": 0.8821542130365659, "accuracy_score": 0.8952380952380953, "balanced_accuracy_score": 0.882154213036566, "matthews_corrcoef": 0.7692157536999552, "f1_score": 0.8952380952380953, "classification_report": {"1": {"precision": 0.9130434782608695, "recall": 0.9264705882352942, "f1-score": 0.9197080291970804, "support": 68}, "2": {"precision": 0.8611111111111112, "recall": 0.8378378378378378, "f1-score": 0.8493150684931507, "support": 37}, "accuracy": 0.8952380952380953, "macro avg": {"precision": 0.8870772946859904, "recall": 0.882154213036566, "f1-score": 0.8845115488451156, "support": 105}, "weighted avg": {"precision": 0.8947435012652404, "recall": 0.8952380952380953, "f1-score": 0.8949028906633147, "support": 105}}, "start": "22:43:18", "end": "22:44:26"}
