{"f1_macro": 0.7226345937053628, "accuracy_score": 0.725, "balanced_accuracy_score": 0.7316096329200381, "matthews_corrcoef": 0.6962667606100281, "classification_report": {"1": {"precision": 1.0, "recall": 0.9565217391304348, "f1-score": 0.9777777777777777, "support": 23}, "2": {"precision": 0.85, "recall": 0.85, "f1-score": 0.85, "support": 20}, "3": {"precision": 0.75, "recall": 0.8, "f1-score": 0.7741935483870969, "support": 15}, "4": {"precision": 0.7058823529411765, "recall": 0.631578947368421, "f1-score": 0.6666666666666667, "support": 19}, "5": {"precision": 0.71875, "recall": 0.8518518518518519, "f1-score": 0.7796610169491525, "support": 27}, "6": {"precision": 0.8125, "recall": 0.7222222222222222, "f1-score": 0.7647058823529411, "support": 18}, "7": {"precision": 0.32, "recall": 0.47058823529411764, "f1-score": 0.38095238095238104, "support": 17}, "8": {"precision": 0.7142857142857143, "recall": 0.8333333333333334, "f1-score": 0.7692307692307692, "support": 18}, "9": {"precision": 1.0, "recall": 1.0, "f1-score": 1.0, "support": 18}, "10": {"precision": 0.38461538461538464, "recall": 0.2, "f1-score": 0.2631578947368421, "support": 25}, "accuracy": 0.725, "macro avg": {"precision": 0.7256033451842276, "recall": 0.7316096329200381, "f1-score": 0.7226345937053628, "support": 200}, "weighted avg": {"precision": 0.7230277108920491, "recall": 0.725, "f1-score": 0.7174265190605371, "support": 200}}, "start": "22:17:24", "end": "22:19:52"}
