{"roc_auc": 0.7806122448979592, "accuracy_score": 0.8181818181818182, "balanced_accuracy_score": 0.7806122448979592, "matthews_corrcoef": 0.5976143046671969, "f1_score": 0.8181818181818182, "classification_report": {"0": {"precision": 0.8181818181818182, "recall": 0.9183673469387755, "f1-score": 0.8653846153846154, "support": 49}, "1": {"precision": 0.8181818181818182, "recall": 0.6428571428571429, "f1-score": 0.7200000000000001, "support": 28}, "accuracy": 0.8181818181818182, "macro avg": {"precision": 0.8181818181818182, "recall": 0.7806122448979592, "f1-score": 0.7926923076923078, "support": 77}, "weighted avg": {"precision": 0.8181818181818182, "recall": 0.8181818181818182, "f1-score": 0.8125174825174826, "support": 77}}, "start": "21:41:52", "end": "21:42:50"}