{"roc_auc": 0.7033333333333333, "accuracy_score": 0.7142857142857143, "balanced_accuracy_score": 0.7033333333333334, "matthews_corrcoef": 0.39568145630893564, "f1_score": 0.7142857142857143, "classification_report": {"0": {"precision": 0.8043478260869565, "recall": 0.74, "f1-score": 0.7708333333333333, "support": 50}, "1": {"precision": 0.5806451612903226, "recall": 0.6666666666666666, "f1-score": 0.6206896551724138, "support": 27}, "accuracy": 0.7142857142857143, "macro avg": {"precision": 0.6924964936886395, "recall": 0.7033333333333334, "f1-score": 0.6957614942528736, "support": 77}, "weighted avg": {"precision": 0.7259066319374875, "recall": 0.7142857142857143, "f1-score": 0.7181855500821018, "support": 77}}, "start": "21:38:07", "end": "21:39:00"}