{"roc_auc": 0.6517671517671517, "accuracy_score": 0.78, "balanced_accuracy_score": 0.6517671517671518, "matthews_corrcoef": 0.3631705961292597, "f1_score": 0.78, "classification_report": {"0": {"precision": 0.625, "recall": 0.38461538461538464, "f1-score": 0.4761904761904762, "support": 26}, "1": {"precision": 0.8095238095238095, "recall": 0.918918918918919, "f1-score": 0.860759493670886, "support": 74}, "accuracy": 0.78, "macro avg": {"precision": 0.7172619047619048, "recall": 0.6517671517671518, "f1-score": 0.6684749849306811, "support": 100}, "weighted avg": {"precision": 0.761547619047619, "recall": 0.78, "f1-score": 0.7607715491259794, "support": 100}}, "start": "21:32:43", "end": "21:33:44"}