{"f1_macro": 0.18554001554001553, "accuracy_score": 0.1875, "balanced_accuracy_score": 0.1931600706057228, "matthews_corrcoef": 0.03432071965977066, "classification_report": {"0": {"precision": 0.21428571428571427, "recall": 0.1875, "f1-score": 0.19999999999999998, "support": 16}, "1": {"precision": 0.07692307692307693, "recall": 0.1111111111111111, "f1-score": 0.09090909090909093, "support": 9}, "2": {"precision": 0.3333333333333333, "recall": 0.3076923076923077, "f1-score": 0.32, "support": 13}, "3": {"precision": 0.3, "recall": 0.13043478260869565, "f1-score": 0.18181818181818182, "support": 23}, "4": {"precision": 0.11764705882352941, "recall": 0.2222222222222222, "f1-score": 0.15384615384615383, "support": 9}, "5": {"precision": 0.14285714285714285, "recall": 0.2, "f1-score": 0.16666666666666666, "support": 10}, "accuracy": 0.1875, "macro avg": {"precision": 0.1975077210371328, "recall": 0.1931600706057228, "f1-score": 0.18554001554001553, "support": 80}, "weighted avg": {"precision": 0.22302009265244555, "recall": 0.1875, "f1-score": 0.19264102564102564, "support": 80}}, "start": "21:47:45", "end": "21:49:04"}