{"roc_auc": 0.7833333333333333, "accuracy_score": 0.8181818181818182, "balanced_accuracy_score": 0.7833333333333333, "matthews_corrcoef": 0.5907908398283784, "f1_score": 0.8181818181818182, "classification_report": {"0": {"precision": 0.8333333333333334, "recall": 0.9, "f1-score": 0.8653846153846153, "support": 50}, "1": {"precision": 0.782608695652174, "recall": 0.6666666666666666, "f1-score": 0.72, "support": 27}, "accuracy": 0.8181818181818182, "macro avg": {"precision": 0.8079710144927537, "recall": 0.7833333333333333, "f1-score": 0.7926923076923076, "support": 77}, "weighted avg": {"precision": 0.8155467720685112, "recall": 0.8181818181818182, "f1-score": 0.8144055944055943, "support": 77}}, "start": "21:43:47", "end": "21:44:44"}
