{"roc_auc": 0.8734126984126984, "accuracy_score": 0.8773584905660378, "balanced_accuracy_score": 0.8734126984126984, "matthews_corrcoef": 0.7334147565064287, "f1_score": 0.8773584905660378, "classification_report": {"1": {"precision": 0.9253731343283582, "recall": 0.8857142857142857, "f1-score": 0.9051094890510949, "support": 70}, "2": {"precision": 0.7948717948717948, "recall": 0.8611111111111112, "f1-score": 0.8266666666666667, "support": 36}, "accuracy": 0.8773584905660378, "macro avg": {"precision": 0.8601224646000765, "recall": 0.8734126984126984, "f1-score": 0.8658880778588808, "support": 106}, "weighted avg": {"precision": 0.8810519247016009, "recall": 0.8773584905660378, "f1-score": 0.87846853050544, "support": 106}}, "start": "22:37:18", "end": "22:38:30"}
