{"mean_absolute_error": 2.2844498583322115, "explained_variance_score": 0.1387328792936594, "r2_score": 0.1252710235544794, "pearson_correlation": 0.3908993025994202, "mean_squared_error": 7.82686066189335, "median_absolute_error": 2.1763290392382815, "start": "22:00:56", "end": "22:01:29"}