{"f1_macro": 0.7543968854522327, "accuracy_score": 0.75, "balanced_accuracy_score": 0.7542043514583561, "matthews_corrcoef": 0.7226065883505646, "classification_report": {"1": {"precision": 1.0, "recall": 1.0, "f1-score": 1.0, "support": 18}, "2": {"precision": 0.9565217391304348, "recall": 0.9565217391304348, "f1-score": 0.9565217391304348, "support": 23}, "3": {"precision": 0.6896551724137931, "recall": 0.8695652173913043, "f1-score": 0.7692307692307693, "support": 23}, "4": {"precision": 0.625, "recall": 0.5555555555555556, "f1-score": 0.5882352941176471, "support": 18}, "5": {"precision": 0.7647058823529411, "recall": 0.6842105263157895, "f1-score": 0.7222222222222222, "support": 19}, "6": {"precision": 0.8823529411764706, "recall": 0.7142857142857143, "f1-score": 0.7894736842105262, "support": 21}, "7": {"precision": 0.5909090909090909, "recall": 0.5, "f1-score": 0.5416666666666667, "support": 26}, "8": {"precision": 0.7272727272727273, "recall": 0.7619047619047619, "f1-score": 0.7441860465116279, "support": 21}, "9": {"precision": 1.0, "recall": 1.0, "f1-score": 1.0, "support": 15}, "10": {"precision": 0.38095238095238093, "recall": 0.5, "f1-score": 0.4324324324324324, "support": 16}, "accuracy": 0.75, "macro avg": {"precision": 0.761736993420784, "recall": 0.7542043514583561, "f1-score": 0.7543968854522327, "support": 200}, "weighted avg": {"precision": 0.7595124711326536, "recall": 0.75, "f1-score": 0.7510593590303252, "support": 200}}, "start": "22:14:39", "end": "22:17:24"}