{"roc_auc": 0.8938503440366973, "accuracy_score": 0.966, "balanced_accuracy_score": 0.8938503440366973, "matthews_corrcoef": 0.8410718664473581, "f1_score": 0.966, "classification_report": {"0": {"precision": 0.9707865168539326, "recall": 0.9908256880733946, "f1-score": 0.9807037457434733, "support": 436}, "1": {"precision": 0.9272727272727272, "recall": 0.796875, "f1-score": 0.8571428571428571, "support": 64}, "accuracy": 0.966, "macro avg": {"precision": 0.9490296220633299, "recall": 0.8938503440366973, "f1-score": 0.9189233014431653, "support": 500}, "weighted avg": {"precision": 0.9652167517875382, "recall": 0.966, "f1-score": 0.9648879520025944, "support": 500}}, "start": "09:53:17", "end": "09:54:55"}