{"roc_auc": 0.6480263157894737, "accuracy_score": 0.79, "balanced_accuracy_score": 0.6480263157894737, "matthews_corrcoef": 0.35410026391408517, "f1_score": 0.79, "classification_report": {"0": {"precision": 0.6, "recall": 0.375, "f1-score": 0.4615384615384615, "support": 24}, "1": {"precision": 0.8235294117647058, "recall": 0.9210526315789473, "f1-score": 0.8695652173913043, "support": 76}, "accuracy": 0.79, "macro avg": {"precision": 0.7117647058823529, "recall": 0.6480263157894737, "f1-score": 0.6655518394648829, "support": 100}, "weighted avg": {"precision": 0.7698823529411765, "recall": 0.79, "f1-score": 0.7716387959866221, "support": 100}}, "start": "21:31:36", "end": "21:32:40"}
