{"mean_absolute_error": 0.17657022439026335, "explained_variance_score": 0.6823765734594085, "r2_score": 0.6297197857727022, "pearson_correlation": 0.8716259504865442, "mean_squared_error": 0.05136184393050385, "median_absolute_error": 0.1235817591535816, "start": "21:07:48", "end": "21:08:17"}
