{"mean_absolute_error": 40.06391343350492, "explained_variance_score": 0.1596824700394358, "r2_score": 0.15629993358859084, "pearson_correlation": 0.5146817385674904, "mean_squared_error": 2871.543487920932, "median_absolute_error": 30.819551815802768, "start": "20:49:13", "end": "20:49:41"}