{"f1_macro": 0.815561823785508, "accuracy_score": 0.8352941176470589, "balanced_accuracy_score": 0.8175133689839572, "matthews_corrcoef": 0.7772596000533346, "classification_report": {"1": {"precision": 0.6666666666666666, "recall": 0.5882352941176471, "f1-score": 0.625, "support": 17}, "2": {"precision": 0.6818181818181818, "recall": 0.6818181818181818, "f1-score": 0.6818181818181818, "support": 22}, "3": {"precision": 0.9655172413793104, "recall": 1.0, "f1-score": 0.9824561403508771, "support": 28}, "4": {"precision": 0.9473684210526315, "recall": 1.0, "f1-score": 0.972972972972973, "support": 18}, "accuracy": 0.8352941176470589, "macro avg": {"precision": 0.8153426277291975, "recall": 0.8175133689839572, "f1-score": 0.815561823785508, "support": 85}, "weighted avg": {"precision": 0.828475854951781, "recall": 0.8352941176470589, "f1-score": 0.8311445346275068, "support": 85}}, "start": "22:51:04", "end": "22:52:54"}
