{"f1_macro": 0.7814935064935065, "accuracy_score": 0.7619047619047619, "balanced_accuracy_score": 0.8011363636363636, "matthews_corrcoef": 0.6961744433355644, "classification_report": {"1": {"precision": 0.75, "recall": 0.5, "f1-score": 0.6, "support": 30}, "2": {"precision": 0.46153846153846156, "recall": 0.75, "f1-score": 0.5714285714285714, "support": 16}, "3": {"precision": 1.0, "recall": 1.0, "f1-score": 1.0, "support": 16}, "4": {"precision": 0.9545454545454546, "recall": 0.9545454545454546, "f1-score": 0.9545454545454546, "support": 22}, "accuracy": 0.7619047619047619, "macro avg": {"precision": 0.7915209790209791, "recall": 0.8011363636363636, "f1-score": 0.7814935064935065, "support": 84}, "weighted avg": {"precision": 0.7962454212454213, "recall": 0.7619047619047619, "f1-score": 0.7636054421768707, "support": 84}}, "start": "23:05:44", "end": "23:07:29"}