{"mean_absolute_error": 192.68018577942274, "explained_variance_score": 0.009106710316737265, "r2_score": -0.04949492976942116, "pearson_correlation": 0.09914125789410642, "mean_squared_error": 63308.56361107462, "median_absolute_error": 156.63313498138223, "start": "22:35:10", "end": "22:35:41"}
