{"f1_macro": 0.5342859636653824, "accuracy_score": 0.5675675675675675, "balanced_accuracy_score": 0.5334776334776334, "matthews_corrcoef": 0.3273433315781657, "classification_report": {"1": {"precision": 0.7076923076923077, "recall": 0.6666666666666666, "f1-score": 0.6865671641791045, "support": 69}, "2": {"precision": 0.5454545454545454, "recall": 0.34285714285714286, "f1-score": 0.42105263157894735, "support": 35}, "3": {"precision": 0.4262295081967213, "recall": 0.5909090909090909, "f1-score": 0.49523809523809526, "support": 44}, "accuracy": 0.5675675675675675, "macro avg": {"precision": 0.5597921204478582, "recall": 0.5334776334776334, "f1-score": 0.5342859636653824, "support": 148}, "weighted avg": {"precision": 0.5856471397455004, "recall": 0.5675675675675675, "f1-score": 0.5668949501628213, "support": 148}}, "start": "21:11:30", "end": "21:13:09"}