{"mean_absolute_error": 0.3904879958616308, "explained_variance_score": 0.8548168262180176, "r2_score": 0.8446762094945137, "pearson_correlation": 0.9548413158645044, "mean_squared_error": 0.31951336027961064, "median_absolute_error": 0.24272486534233706, "start": "21:06:14", "end": "21:06:46"}