{"roc_auc": 0.7181633688483005, "accuracy_score": 0.81, "balanced_accuracy_score": 0.7181633688483003, "matthews_corrcoef": 0.4842784545196316, "f1_score": 0.81, "classification_report": {"0": {"precision": 0.7, "recall": 0.5185185185185185, "f1-score": 0.5957446808510639, "support": 27}, "1": {"precision": 0.8375, "recall": 0.9178082191780822, "f1-score": 0.8758169934640524, "support": 73}, "accuracy": 0.81, "macro avg": {"precision": 0.76875, "recall": 0.7181633688483003, "f1-score": 0.7357808371575582, "support": 100}, "weighted avg": {"precision": 0.800375, "recall": 0.81, "f1-score": 0.8001974690585455, "support": 100}}, "start": "21:37:02", "end": "21:38:01"}