{"mean_absolute_error": 0.5116501936017939, "explained_variance_score": 0.5694749719027079, "r2_score": 0.5335345888765257, "pearson_correlation": 0.8371160618245087, "mean_squared_error": 0.9269885193746467, "median_absolute_error": 0.26856210331978597, "start": "21:10:56", "end": "21:11:24"}