{"f1_macro": 0.20404249871991811, "accuracy_score": 0.2, "balanced_accuracy_score": 0.21418208983998455, "matthews_corrcoef": 0.0431986277366128, "classification_report": {"0": {"precision": 0.25, "recall": 0.23076923076923078, "f1-score": 0.24000000000000002, "support": 13}, "1": {"precision": 0.25, "recall": 0.15789473684210525, "f1-score": 0.1935483870967742, "support": 19}, "2": {"precision": 0.3333333333333333, "recall": 0.25, "f1-score": 0.28571428571428575, "support": 16}, "3": {"precision": 0.058823529411764705, "recall": 0.07142857142857142, "f1-score": 0.06451612903225808, "support": 14}, "4": {"precision": 0.1875, "recall": 0.375, "f1-score": 0.25, "support": 8}, "5": {"precision": 0.18181818181818182, "recall": 0.2, "f1-score": 0.1904761904761905, "support": 10}, "accuracy": 0.2, "macro avg": {"precision": 0.21024584076054664, "recall": 0.21418208983998455, "f1-score": 0.20404249871991811, "support": 80}, "weighted avg": {"precision": 0.21843805704099822, "recall": 0.2, "f1-score": 0.20221044546851, "support": 80}}, "start": "21:51:32", "end": "21:52:48"}