{"roc_auc": 0.8878683505549176, "accuracy_score": 0.9056603773584906, "balanced_accuracy_score": 0.8878683505549176, "matthews_corrcoef": 0.7954645816526577, "f1_score": 0.9056603773584906, "classification_report": {"1": {"precision": 0.9014084507042254, "recall": 0.9552238805970149, "f1-score": 0.927536231884058, "support": 67}, "2": {"precision": 0.9142857142857143, "recall": 0.8205128205128205, "f1-score": 0.8648648648648648, "support": 39}, "accuracy": 0.9056603773584906, "macro avg": {"precision": 0.9078470824949698, "recall": 0.8878683505549176, "f1-score": 0.8962005483744614, "support": 106}, "weighted avg": {"precision": 0.9061463118332638, "recall": 0.9056603773584906, "f1-score": 0.9044778987354869, "support": 106}}, "start": "22:38:33", "end": "22:39:43"}
