{"mean_absolute_error": 2.0013913553261973, "explained_variance_score": 0.36720475668383357, "r2_score": 0.3648907958780393, "pearson_correlation": 0.6689926050417319, "mean_squared_error": 6.150148104015793, "median_absolute_error": 1.7618336340803766, "start": "22:03:57", "end": "22:04:37"}