{"roc_auc": 0.7727272727272727, "accuracy_score": 0.8311688311688312, "balanced_accuracy_score": 0.7727272727272727, "matthews_corrcoef": 0.5715581911583612, "f1_score": 0.8311688311688312, "classification_report": {"0": {"precision": 0.8620689655172413, "recall": 0.9090909090909091, "f1-score": 0.8849557522123893, "support": 55}, "1": {"precision": 0.7368421052631579, "recall": 0.6363636363636364, "f1-score": 0.6829268292682926, "support": 22}, "accuracy": 0.8311688311688312, "macro avg": {"precision": 0.7994555353901995, "recall": 0.7727272727272727, "f1-score": 0.7839412907403409, "support": 77}, "weighted avg": {"precision": 0.8262898625875031, "recall": 0.8311688311688312, "f1-score": 0.8272332027997903, "support": 77}}, "start": "21:40:58", "end": "21:41:52"}