{"time":5.80900000000001,"validation_metric":0.924456476554706,"test_metric":0.89}
