{"roc_auc": 0.8718952442356698, "accuracy_score": 0.954, "balanced_accuracy_score": 0.8718952442356698, "matthews_corrcoef": 0.8145791067422867, "f1_score": 0.954, "classification_report": {"0": {"precision": 0.95662100456621, "recall": 0.9905437352245863, "f1-score": 0.9732868757259001, "support": 423}, "1": {"precision": 0.9354838709677419, "recall": 0.7532467532467533, "f1-score": 0.8345323741007193, "support": 77}, "accuracy": 0.954, "macro avg": {"precision": 0.9460524377669759, "recall": 0.8718952442356698, "f1-score": 0.9039096249133097, "support": 500}, "weighted avg": {"precision": 0.9533658859920459, "recall": 0.954, "f1-score": 0.9519186824756223, "support": 500}}, "start": "09:41:45", "end": "09:43:18"}