{"mean_absolute_error": 40.23760848243036, "explained_variance_score": -0.296613889940591, "r2_score": -0.3040449224458499, "pearson_correlation": -0.20665485269474687, "mean_squared_error": 2322.824222351459, "median_absolute_error": 36.276730076645705, "start": "20:48:42", "end": "20:49:11"}