{"f1_macro": 0.19654692286271233, "accuracy_score": 0.2125, "balanced_accuracy_score": 0.2023975336668835, "matthews_corrcoef": 0.048034137634832746, "classification_report": {"0": {"precision": 0.08333333333333333, "recall": 0.16666666666666666, "f1-score": 0.1111111111111111, "support": 6}, "1": {"precision": 0.125, "recall": 0.09090909090909091, "f1-score": 0.10526315789473685, "support": 11}, "2": {"precision": 0.23809523809523808, "recall": 0.35714285714285715, "f1-score": 0.2857142857142857, "support": 14}, "3": {"precision": 0.19047619047619047, "recall": 0.23529411764705882, "f1-score": 0.21052631578947367, "support": 17}, "4": {"precision": 0.36363636363636365, "recall": 0.21052631578947367, "f1-score": 0.26666666666666666, "support": 19}, "5": {"precision": 0.2857142857142857, "recall": 0.15384615384615385, "f1-score": 0.2, "support": 13}, "accuracy": 0.2125, "macro avg": {"precision": 0.21437590187590186, "recall": 0.2023975336668835, "f1-score": 0.19654692286271233, "support": 80}, "weighted avg": {"precision": 0.23837256493506492, "recall": 0.2125, "f1-score": 0.21337719298245617, "support": 80}}, "start": "21:55:33", "end": "21:56:50"}
