{"mean_absolute_error": 144.75360018503454, "explained_variance_score": -0.07499378714345495, "r2_score": -0.10502781491853308, "pearson_correlation": -0.15997301036437583, "mean_squared_error": 27875.56978761178, "median_absolute_error": 133.92644169539346, "start": "22:34:09", "end": "22:34:37"}
