{"f1_macro": 0.2520620602902991, "accuracy_score": 0.25, "balanced_accuracy_score": 0.25685425685425683, "matthews_corrcoef": 0.10333819550068395, "classification_report": {"0": {"precision": 0.375, "recall": 0.16666666666666666, "f1-score": 0.23076923076923078, "support": 18}, "1": {"precision": 0.18181818181818182, "recall": 0.18181818181818182, "f1-score": 0.18181818181818182, "support": 11}, "2": {"precision": 0.4166666666666667, "recall": 0.45454545454545453, "f1-score": 0.43478260869565216, "support": 11}, "3": {"precision": 0.26666666666666666, "recall": 0.2857142857142857, "f1-score": 0.2758620689655172, "support": 14}, "4": {"precision": 0.2, "recall": 0.2857142857142857, "f1-score": 0.23529411764705882, "support": 14}, "5": {"precision": 0.14285714285714285, "recall": 0.16666666666666666, "f1-score": 0.15384615384615383, "support": 12}, "accuracy": 0.25, "macro avg": {"precision": 0.2638347763347763, "recall": 0.25685425685425683, "f1-score": 0.2520620602902991, "support": 80}, "weighted avg": {"precision": 0.26976190476190476, "recall": 0.25, "f1-score": 0.249234941352853, "support": 80}}, "start": "21:52:48", "end": "21:54:09"}