{"mean_absolute_error": 0.3091403443644138, "explained_variance_score": 0.7850919659104402, "r2_score": 0.7770837084326006, "pearson_correlation": 0.9341042862662452, "mean_squared_error": 0.17704601406971315, "median_absolute_error": 0.19333955921119061, "start": "21:08:18", "end": "21:08:49"}