{"roc_auc": 0.7780612244897959, "accuracy_score": 0.8051948051948052, "balanced_accuracy_score": 0.778061224489796, "matthews_corrcoef": 0.5713152360134455, "f1_score": 0.8051948051948051, "classification_report": {"0": {"precision": 0.8269230769230769, "recall": 0.8775510204081632, "f1-score": 0.8514851485148514, "support": 49}, "1": {"precision": 0.76, "recall": 0.6785714285714286, "f1-score": 0.7169811320754718, "support": 28}, "accuracy": 0.8051948051948052, "macro avg": {"precision": 0.7934615384615384, "recall": 0.778061224489796, "f1-score": 0.7842331402951616, "support": 77}, "weighted avg": {"precision": 0.8025874125874126, "recall": 0.8051948051948052, "f1-score": 0.8025745970823497, "support": 77}}, "start": "21:39:01", "end": "21:40:00"}