,model,score_val,pred_time_val,fit_time,pred_time_val_marginal,fit_time_marginal,stack_level,can_infer
0,weighted_ensemble_k0_l1,-2.2769262663100847,0.06967806816101074,3.376910924911499,0.0013625621795654297,0.5266890525817871,1,True
1,LightGBMRegressor_STACKER_l0,-2.2833913241702515,0.025572776794433594,0.8456170558929443,0.025572776794433594,0.8456170558929443,0,True
2,CatboostRegressor_STACKER_l0,-2.310130792417143,0.04274272918701172,2.0046048164367676,0.04274272918701172,2.0046048164367676,0,True
3,LightGBMRegressorCustom_STACKER_l0,-2.3348666305343264,0.02413654327392578,1.7304458618164062,0.02413654327392578,1.7304458618164062,0,True
4,RandomForestRegressorMSE_STACKER_l0,-2.46943729903537,0.6238782405853271,4.31283974647522,0.6238782405853271,4.31283974647522,0,True
5,ExtraTreesRegressorMSE_STACKER_l0,-2.523076098606645,0.6330716609954834,3.5413784980773926,0.6330716609954834,3.5413784980773926,0,True
6,KNeighborsRegressorDist_STACKER_l0,-2.550281353915634,0.7903854846954346,0.09237551689147949,0.7903854846954346,0.09237551689147949,0,True
7,KNeighborsRegressorUnif_STACKER_l0,-2.580385852090032,0.6471481323242188,0.09235429763793945,0.6471481323242188,0.09235429763793945,0,True
8,NeuralNetRegressor_STACKER_l0,-3.6000687524053445,0.12346196174621582,14.158691167831421,0.12346196174621582,14.158691167831421,0,True
