{"mean_absolute_error": 2.298935873512951, "explained_variance_score": -0.1175271316871902, "r2_score": -0.12698427510864851, "pearson_correlation": 0.13686480602300485, "mean_squared_error": 8.38803867044534, "median_absolute_error": 1.8607206771108604, "start": "22:04:37", "end": "22:05:08"}
