{"time":7.30299999999999,"validation_metric":76.4350770414945,"test_metric":75.55}
