{"mean_absolute_error": 43.56525318631031, "explained_variance_score": 0.0461033025118428, "r2_score": 0.04083286904106931, "pearson_correlation": 0.21527204963753707, "mean_squared_error": 3264.9207202249268, "median_absolute_error": 31.54342434256158, "start": "20:46:45", "end": "20:47:14"}