{"time":7.17400000000001,"validation_metric":75.1150760534787,"test_metric":72.1}
