{"mean_absolute_error": 114.3547948475042, "explained_variance_score": 0.2144800790230793, "r2_score": 0.21206740938547264, "pearson_correlation": 0.49742111451242194, "mean_squared_error": 20665.489708895788, "median_absolute_error": 107.17173435735606, "start": "22:33:10", "end": "22:33:40"}