{"roc_auc": 0.6329365079365079, "accuracy_score": 0.77, "balanced_accuracy_score": 0.6329365079365079, "matthews_corrcoef": 0.3549671987784347, "f1_score": 0.7699999999999999, "classification_report": {"0": {"precision": 0.6923076923076923, "recall": 0.32142857142857145, "f1-score": 0.4390243902439025, "support": 28}, "1": {"precision": 0.7816091954022989, "recall": 0.9444444444444444, "f1-score": 0.8553459119496855, "support": 72}, "accuracy": 0.77, "macro avg": {"precision": 0.7369584438549956, "recall": 0.6329365079365079, "f1-score": 0.647185151096794, "support": 100}, "weighted avg": {"precision": 0.7566047745358091, "recall": 0.77, "f1-score": 0.7387758858720662, "support": 100}}, "start": "21:29:29", "end": "21:30:31"}