{"f1_macro": 0.7436793493245106, "accuracy_score": 0.735, "balanced_accuracy_score": 0.7439636833629969, "matthews_corrcoef": 0.7051662858657081, "classification_report": {"1": {"precision": 1.0, "recall": 1.0, "f1-score": 1.0, "support": 20}, "2": {"precision": 1.0, "recall": 0.875, "f1-score": 0.9333333333333333, "support": 16}, "3": {"precision": 0.8947368421052632, "recall": 0.85, "f1-score": 0.8717948717948718, "support": 20}, "4": {"precision": 0.6875, "recall": 0.4782608695652174, "f1-score": 0.5641025641025642, "support": 23}, "5": {"precision": 0.56, "recall": 0.6086956521739131, "f1-score": 0.5833333333333334, "support": 23}, "6": {"precision": 0.7142857142857143, "recall": 0.9259259259259259, "f1-score": 0.8064516129032259, "support": 27}, "7": {"precision": 0.4117647058823529, "recall": 0.3684210526315789, "f1-score": 0.3888888888888889, "support": 19}, "8": {"precision": 0.7692307692307693, "recall": 0.8333333333333334, "f1-score": 0.8, "support": 12}, "9": {"precision": 1.0, "recall": 1.0, "f1-score": 1.0, "support": 18}, "10": {"precision": 0.4782608695652174, "recall": 0.5, "f1-score": 0.4888888888888889, "support": 22}, "accuracy": 0.735, "macro avg": {"precision": 0.7515778901069317, "recall": 0.7439636833629969, "f1-score": 0.7436793493245106, "support": 200}, "weighted avg": {"precision": 0.7372449445039413, "recall": 0.735, "f1-score": 0.7313944720154397, "support": 200}}, "start": "22:24:44", "end": "22:27:25"}