{"f1_macro": 0.8546121700712805, "accuracy_score": 0.8588235294117647, "balanced_accuracy_score": 0.8637506284565108, "matthews_corrcoef": 0.8179964374600399, "classification_report": {"1": {"precision": 0.625, "recall": 0.8823529411764706, "f1-score": 0.7317073170731708, "support": 17}, "2": {"precision": 0.8888888888888888, "recall": 0.6666666666666666, "f1-score": 0.761904761904762, "support": 24}, "3": {"precision": 1.0, "recall": 0.9615384615384616, "f1-score": 0.9803921568627451, "support": 26}, "4": {"precision": 0.9444444444444444, "recall": 0.9444444444444444, "f1-score": 0.9444444444444444, "support": 18}, "accuracy": 0.8588235294117647, "macro avg": {"precision": 0.8645833333333333, "recall": 0.8637506284565108, "f1-score": 0.8546121700712805, "support": 85}, "weighted avg": {"precision": 0.8818627450980392, "recall": 0.8588235294117647, "f1-score": 0.8613521735810536, "support": 85}}, "start": "22:52:54", "end": "22:54:43"}
