{"roc_auc": 0.8764837313224411, "accuracy_score": 0.964, "balanced_accuracy_score": 0.876483731322441, "matthews_corrcoef": 0.8349344169008838, "f1_score": 0.964, "classification_report": {"0": {"precision": 0.9642857142857143, "recall": 0.9953917050691244, "f1-score": 0.979591836734694, "support": 434}, "1": {"precision": 0.9615384615384616, "recall": 0.7575757575757576, "f1-score": 0.8474576271186441, "support": 66}, "accuracy": 0.964, "macro avg": {"precision": 0.9629120879120879, "recall": 0.876483731322441, "f1-score": 0.913524731926669, "support": 500}, "weighted avg": {"precision": 0.9639230769230769, "recall": 0.964, "f1-score": 0.9621501210653755, "support": 500}}, "start": "09:45:04", "end": "09:46:45"}
