{"roc_auc": 0.8848822572226828, "accuracy_score": 0.958, "balanced_accuracy_score": 0.8848822572226828, "matthews_corrcoef": 0.8316492519619834, "f1_score": 0.958, "classification_report": {"0": {"precision": 0.9610091743119266, "recall": 0.9905437352245863, "f1-score": 0.9755529685681025, "support": 423}, "1": {"precision": 0.9375, "recall": 0.7792207792207793, "f1-score": 0.851063829787234, "support": 77}, "accuracy": 0.958, "macro avg": {"precision": 0.9492545871559632, "recall": 0.8848822572226828, "f1-score": 0.9133083991776683, "support": 500}, "weighted avg": {"precision": 0.9573887614678899, "recall": 0.958, "f1-score": 0.9563816411958487, "support": 500}}, "start": "09:46:45", "end": "09:48:22"}