{"mean_absolute_error": 208.73430797088037, "explained_variance_score": 0.12166085986527275, "r2_score": -0.00827916441933274, "pearson_correlation": 0.4898627417277563, "mean_squared_error": 81905.4153283801, "median_absolute_error": 167.57509456739234, "start": "22:33:40", "end": "22:34:08"}