{"roc_auc": 0.6483516483516485, "accuracy_score": 0.74, "balanced_accuracy_score": 0.6483516483516484, "matthews_corrcoef": 0.3963309423975692, "f1_score": 0.74, "classification_report": {"0": {"precision": 0.8, "recall": 0.34285714285714286, "f1-score": 0.48000000000000004, "support": 35}, "1": {"precision": 0.7294117647058823, "recall": 0.9538461538461539, "f1-score": 0.8266666666666667, "support": 65}, "accuracy": 0.74, "macro avg": {"precision": 0.7647058823529411, "recall": 0.6483516483516484, "f1-score": 0.6533333333333333, "support": 100}, "weighted avg": {"precision": 0.7541176470588234, "recall": 0.74, "f1-score": 0.7053333333333334, "support": 100}}, "start": "21:34:54", "end": "21:35:56"}