{"f1_macro": 0.7522714197830084, "accuracy_score": 0.785, "balanced_accuracy_score": 0.7650125313283207, "matthews_corrcoef": 0.7629715554489201, "classification_report": {"1": {"precision": 1.0, "recall": 1.0, "f1-score": 1.0, "support": 34}, "2": {"precision": 0.9565217391304348, "recall": 1.0, "f1-score": 0.9777777777777777, "support": 22}, "3": {"precision": 0.75, "recall": 0.8333333333333334, "f1-score": 0.7894736842105262, "support": 18}, "4": {"precision": 0.5714285714285714, "recall": 0.6, "f1-score": 0.5853658536585366, "support": 20}, "5": {"precision": 0.7, "recall": 0.5, "f1-score": 0.5833333333333334, "support": 14}, "6": {"precision": 0.8, "recall": 0.631578947368421, "f1-score": 0.7058823529411765, "support": 19}, "7": {"precision": 0.7, "recall": 0.3333333333333333, "f1-score": 0.45161290322580644, "support": 21}, "8": {"precision": 0.7727272727272727, "recall": 0.8947368421052632, "f1-score": 0.8292682926829269, "support": 19}, "9": {"precision": 1.0, "recall": 1.0, "f1-score": 1.0, "support": 19}, "10": {"precision": 0.46153846153846156, "recall": 0.8571428571428571, "f1-score": 0.6, "support": 14}, "accuracy": 0.785, "macro avg": {"precision": 0.7712216044824741, "recall": 0.7650125313283207, "f1-score": 0.7522714197830084, "support": 200}, "weighted avg": {"precision": 0.7990770316639881, "recall": 0.785, "f1-score": 0.7782367720066894, "support": 200}}, "start": "22:19:53", "end": "22:22:18"}