{"roc_auc": 0.6726190476190476, "accuracy_score": 0.78, "balanced_accuracy_score": 0.6726190476190476, "matthews_corrcoef": 0.40347887104601304, "f1_score": 0.78, "classification_report": {"0": {"precision": 0.6666666666666666, "recall": 0.42857142857142855, "f1-score": 0.5217391304347826, "support": 28}, "1": {"precision": 0.8048780487804879, "recall": 0.9166666666666666, "f1-score": 0.8571428571428571, "support": 72}, "accuracy": 0.78, "macro avg": {"precision": 0.7357723577235773, "recall": 0.6726190476190476, "f1-score": 0.6894409937888198, "support": 100}, "weighted avg": {"precision": 0.7661788617886179, "recall": 0.78, "f1-score": 0.7632298136645962, "support": 100}}, "start": "21:30:34", "end": "21:31:34"}