{"roc_auc": 0.81, "accuracy_score": 0.8571428571428571, "balanced_accuracy_score": 0.81, "matthews_corrcoef": 0.6408461287109103, "f1_score": 0.8571428571428571, "classification_report": {"1": {"precision": 0.8846153846153846, "recall": 0.92, "f1-score": 0.9019607843137256, "support": 75}, "2": {"precision": 0.7777777777777778, "recall": 0.7, "f1-score": 0.7368421052631577, "support": 30}, "accuracy": 0.8571428571428571, "macro avg": {"precision": 0.8311965811965811, "recall": 0.81, "f1-score": 0.8194014447884417, "support": 105}, "weighted avg": {"precision": 0.8540903540903539, "recall": 0.8571428571428571, "f1-score": 0.8547840188707063, "support": 105}}, "start": "22:46:49", "end": "22:47:55"}
