{"mean_absolute_error": 42.73873748362289, "explained_variance_score": 0.07685910022250986, "r2_score": 0.044410556702741966, "pearson_correlation": 0.47861342300471454, "mean_squared_error": 4821.38328106705, "median_absolute_error": 38.660485307162844, "start": "20:44:51", "end": "20:45:18"}
