{"f1_macro": 0.5140882509303563, "accuracy_score": 0.5238095238095238, "balanced_accuracy_score": 0.5126456876456876, "matthews_corrcoef": 0.27331516014850527, "classification_report": {"1": {"precision": 0.5483870967741935, "recall": 0.6538461538461539, "f1-score": 0.5964912280701755, "support": 52}, "2": {"precision": 0.5769230769230769, "recall": 0.375, "f1-score": 0.45454545454545453, "support": 40}, "3": {"precision": 0.4745762711864407, "recall": 0.509090909090909, "f1-score": 0.49122807017543857, "support": 55}, "accuracy": 0.5238095238095238, "macro avg": {"precision": 0.5332954816279037, "recall": 0.5126456876456876, "f1-score": 0.5140882509303563, "support": 147}, "weighted avg": {"precision": 0.5285356940437781, "recall": 0.5238095238095238, "f1-score": 0.5184823530688193, "support": 147}}, "start": "21:16:20", "end": "21:18:02"}
