{"mean_absolute_error": 3.315264170697031, "explained_variance_score": 0.29501729559487266, "r2_score": 0.22041986372086497, "pearson_correlation": 0.6836413138257238, "mean_squared_error": 23.43595925257137, "median_absolute_error": 2.218960795038033, "start": "22:06:18", "end": "22:06:49"}