{"mean_absolute_error": 0.2291162955998068, "explained_variance_score": 0.9274440458053511, "r2_score": 0.9261677025098796, "pearson_correlation": 0.9653028970652918, "mean_squared_error": 0.08061596016877054, "median_absolute_error": 0.15627904651422986, "start": "21:07:18", "end": "21:07:47"}