{"roc_auc": 0.9071350762527233, "accuracy_score": 0.968, "balanced_accuracy_score": 0.9071350762527233, "matthews_corrcoef": 0.858940107269504, "f1_score": 0.968, "classification_report": {"0": {"precision": 0.9727272727272728, "recall": 0.9907407407407407, "f1-score": 0.981651376146789, "support": 432}, "1": {"precision": 0.9333333333333333, "recall": 0.8235294117647058, "f1-score": 0.8749999999999999, "support": 68}, "accuracy": 0.968, "macro avg": {"precision": 0.9530303030303031, "recall": 0.9071350762527233, "f1-score": 0.9283256880733944, "support": 500}, "weighted avg": {"precision": 0.9673696969696971, "recall": 0.968, "f1-score": 0.9671467889908257, "support": 500}}, "start": "09:51:44", "end": "09:53:16"}
