{"roc_auc": 0.6787275376396309, "accuracy_score": 0.79, "balanced_accuracy_score": 0.6787275376396309, "matthews_corrcoef": 0.44243554094469434, "f1_score": 0.79, "classification_report": {"0": {"precision": 0.75, "recall": 0.41379310344827586, "f1-score": 0.5333333333333333, "support": 29}, "1": {"precision": 0.7976190476190477, "recall": 0.9436619718309859, "f1-score": 0.8645161290322582, "support": 71}, "accuracy": 0.79, "macro avg": {"precision": 0.7738095238095238, "recall": 0.6787275376396309, "f1-score": 0.6989247311827957, "support": 100}, "weighted avg": {"precision": 0.7838095238095238, "recall": 0.79, "f1-score": 0.76847311827957, "support": 100}}, "start": "21:35:58", "end": "21:36:58"}
