{"f1_macro": 0.25102474015517495, "accuracy_score": 0.26582278481012656, "balanced_accuracy_score": 0.2830298786181139, "matthews_corrcoef": 0.12036148807435483, "classification_report": {"0": {"precision": 0.4, "recall": 0.3333333333333333, "f1-score": 0.3636363636363636, "support": 18}, "1": {"precision": 0.4, "recall": 0.2857142857142857, "f1-score": 0.3333333333333333, "support": 14}, "2": {"precision": 0.125, "recall": 0.5, "f1-score": 0.2, "support": 4}, "3": {"precision": 0.2608695652173913, "recall": 0.35294117647058826, "f1-score": 0.3, "support": 17}, "4": {"precision": 0.09090909090909091, "recall": 0.08333333333333333, "f1-score": 0.08695652173913043, "support": 12}, "5": {"precision": 0.5, "recall": 0.14285714285714285, "f1-score": 0.22222222222222224, "support": 14}, "accuracy": 0.26582278481012656, "macro avg": {"precision": 0.29612977602108037, "recall": 0.2830298786181139, "f1-score": 0.25102474015517495, "support": 79}, "weighted avg": {"precision": 0.32690748986841445, "recall": 0.26582278481012656, "f1-score": 0.26919886815318844, "support": 79}}, "start": "21:56:50", "end": "21:58:15"}
