{"mean_absolute_error": 2.3982769522854506, "explained_variance_score": -0.1629160496372617, "r2_score": -0.16577843876501408, "pearson_correlation": 0.12456263192903905, "mean_squared_error": 8.411686220607313, "median_absolute_error": 2.0760131479868944, "start": "22:02:06", "end": "22:02:41"}