{"mean_absolute_error": 29.553815813935998, "explained_variance_score": 0.0980328056642984, "r2_score": -0.025542552429728804, "pearson_correlation": 0.31879496009613567, "mean_squared_error": 1256.2030253553237, "median_absolute_error": 26.627864562154357, "start": "20:48:15", "end": "20:48:42"}
