{"roc_auc": 0.745275888133031, "accuracy_score": 0.7894736842105263, "balanced_accuracy_score": 0.745275888133031, "matthews_corrcoef": 0.5250175035603475, "f1_score": 0.7894736842105263, "classification_report": {"0": {"precision": 0.8, "recall": 0.8979591836734694, "f1-score": 0.8461538461538463, "support": 49}, "1": {"precision": 0.7619047619047619, "recall": 0.5925925925925926, "f1-score": 0.6666666666666666, "support": 27}, "accuracy": 0.7894736842105263, "macro avg": {"precision": 0.780952380952381, "recall": 0.745275888133031, "f1-score": 0.7564102564102564, "support": 76}, "weighted avg": {"precision": 0.7864661654135339, "recall": 0.7894736842105263, "f1-score": 0.7823886639676114, "support": 76}}, "start": "21:46:41", "end": "21:47:41"}