{"roc_auc": 0.8668064024390244, "accuracy_score": 0.8857142857142857, "balanced_accuracy_score": 0.8668064024390244, "matthews_corrcoef": 0.75921674176457, "f1_score": 0.8857142857142857, "classification_report": {"1": {"precision": 0.8714285714285714, "recall": 0.953125, "f1-score": 0.9104477611940298, "support": 64}, "2": {"precision": 0.9142857142857143, "recall": 0.7804878048780488, "f1-score": 0.8421052631578947, "support": 41}, "accuracy": 0.8857142857142857, "macro avg": {"precision": 0.8928571428571428, "recall": 0.8668064024390244, "f1-score": 0.8762765121759623, "support": 105}, "weighted avg": {"precision": 0.8881632653061226, "recall": 0.8857142857142857, "f1-score": 0.8837616429132533, "support": 105}}, "start": "22:44:28", "end": "22:45:37"}
