{"roc_auc": 0.6438492063492063, "accuracy_score": 0.77, "balanced_accuracy_score": 0.6438492063492064, "matthews_corrcoef": 0.36176590780647455, "f1_score": 0.7699999999999999, "classification_report": {"0": {"precision": 0.6666666666666666, "recall": 0.35714285714285715, "f1-score": 0.46511627906976744, "support": 28}, "1": {"precision": 0.788235294117647, "recall": 0.9305555555555556, "f1-score": 0.8535031847133757, "support": 72}, "accuracy": 0.77, "macro avg": {"precision": 0.7274509803921568, "recall": 0.6438492063492064, "f1-score": 0.6593097318915716, "support": 100}, "weighted avg": {"precision": 0.7541960784313724, "recall": 0.77, "f1-score": 0.7447548511331654, "support": 100}}, "start": "21:33:47", "end": "21:34:51"}
