{"mean_absolute_error": 0.29031520353862134, "explained_variance_score": 0.7479194176450423, "r2_score": 0.6863046659831784, "pearson_correlation": 0.9428202560871578, "mean_squared_error": 0.17916520785170353, "median_absolute_error": 0.18267748131093856, "start": "21:10:21", "end": "21:10:54"}