model_id,auc,logloss,aucpr,mean_per_class_error,rmse,mse
DeepLearning_grid__2_AutoML_20200720_182251_model_2,0.927192799140196,0.6663249784049077,0.8948854528629586,0.14490287397500198,0.3310876851410551,0.10961905525206242
DeepLearning_grid__1_AutoML_20200720_182251_model_2,0.9257349136215269,0.4615730033000627,0.8648879778751193,0.14879886155560862,0.3155715175816677,0.0995853827087968
DeepLearning_grid__1_AutoML_20200720_182251_model_3,0.9222220563649391,0.5242485231432814,0.8580584532502769,0.15824277525674707,0.33039134509313783,0.10915844091245287
DeepLearning_grid__2_AutoML_20200720_182251_model_1,0.9200949367088608,0.4094093663049032,0.8440966491940899,0.14740566037735847,0.331723769258838,0.1100406590912908
DeepLearning_grid__1_AutoML_20200720_182251_model_1,0.9192565281426638,0.4364900628300506,0.8482844218642366,0.1505105087174588,0.3303848202600325,0.10915412945825397
DeepLearning_1_AutoML_20200720_182251,0.917855863386673,0.3789693262959476,0.8333674366184465,0.14813709099593986,0.33085013273030345,0.10946181032765942
DeepLearning_grid__2_AutoML_20200720_182251_model_3,0.8794632194888942,0.8001284572451047,0.7776362670074238,0.1854997611655123,0.40024278757738974,0.16019428900771954
DeepLearning_grid__1_AutoML_20200720_182251_model_4,0.8536964612690072,1.3578538692482411,0.7334803939719506,0.22173294323700346,0.4438374473552978,0.1969916796748667
