{"roc_auc": 0.8465562336530078, "accuracy_score": 0.8761904761904762, "balanced_accuracy_score": 0.8465562336530079, "matthews_corrcoef": 0.6998567545549954, "f1_score": 0.8761904761904762, "classification_report": {"1": {"precision": 0.9066666666666666, "recall": 0.918918918918919, "f1-score": 0.912751677852349, "support": 74}, "2": {"precision": 0.8, "recall": 0.7741935483870968, "f1-score": 0.7868852459016393, "support": 31}, "accuracy": 0.8761904761904762, "macro avg": {"precision": 0.8533333333333333, "recall": 0.8465562336530079, "f1-score": 0.8498184618769942, "support": 105}, "weighted avg": {"precision": 0.8751746031746032, "recall": 0.8761904761904762, "f1-score": 0.875591112228806, "support": 105}}, "start": "22:45:39", "end": "22:46:47"}