{"mean_absolute_error": 2.3521815699604804, "explained_variance_score": 0.25395914503479877, "r2_score": 0.1298712106866673, "pearson_correlation": 0.5063350055317156, "mean_squared_error": 6.811429884683112, "median_absolute_error": 2.12362629238098, "start": "22:05:08", "end": "22:05:41"}