{"roc_auc": 0.6530465949820788, "accuracy_score": 0.6842105263157895, "balanced_accuracy_score": 0.6530465949820788, "matthews_corrcoef": 0.3274454185737694, "f1_score": 0.6842105263157895, "classification_report": {"0": {"precision": 0.6981132075471698, "recall": 0.8222222222222222, "f1-score": 0.7551020408163266, "support": 45}, "1": {"precision": 0.6521739130434783, "recall": 0.4838709677419355, "f1-score": 0.5555555555555556, "support": 31}, "accuracy": 0.6842105263157895, "macro avg": {"precision": 0.675143560295324, "recall": 0.6530465949820788, "f1-score": 0.655328798185941, "support": 76}, "weighted avg": {"precision": 0.6793748111048746, "recall": 0.6842105263157895, "f1-score": 0.6737080797231174, "support": 76}}, "start": "21:45:44", "end": "21:46:39"}