,model,score_val,pred_time_val,fit_time,pred_time_val_marginal,fit_time_marginal,stack_level,can_infer
0,weighted_ensemble_k0_l1,-2.350259541765117,0.8837003707885742,3.667085886001587,0.001753091812133789,0.6191709041595459,1,True
1,LightGBMRegressor_STACKER_l0,-2.3599412824300843,0.026390552520751953,0.8965423107147217,0.026390552520751953,0.8965423107147217,0,True
2,CatboostRegressor_STACKER_l0,-2.3751300450674946,0.03758502006530762,2.054733991622925,0.03758502006530762,2.054733991622925,0,True
3,LightGBMRegressorCustom_STACKER_l0,-2.449798916921359,0.03004908561706543,1.7198705673217773,0.03004908561706543,1.7198705673217773,0,True
4,RandomForestRegressorMSE_STACKER_l0,-2.4994748124330117,0.627591609954834,4.450239181518555,0.627591609954834,4.450239181518555,0,True
5,ExtraTreesRegressorMSE_STACKER_l0,-2.554448017148982,0.6318831443786621,3.545842409133911,0.6318831443786621,3.545842409133911,0,True
6,KNeighborsRegressorDist_STACKER_l0,-2.596135411659619,0.8179717063903809,0.09663867950439453,0.8179717063903809,0.09663867950439453,0,True
7,KNeighborsRegressorUnif_STACKER_l0,-2.626688102893891,0.6509971618652344,0.09527969360351562,0.6509971618652344,0.09527969360351562,0,True
8,NeuralNetRegressor_STACKER_l0,-3.500890961797291,0.13523411750793457,15.824096918106079,0.13523411750793457,15.824096918106079,0,True
