{"f1_macro": 0.21582321817615935, "accuracy_score": 0.225, "balanced_accuracy_score": 0.2196904946904947, "matthews_corrcoef": 0.06425920087513713, "classification_report": {"0": {"precision": 0.3888888888888889, "recall": 0.3888888888888889, "f1-score": 0.3888888888888889, "support": 18}, "1": {"precision": 0.1, "recall": 0.06666666666666667, "f1-score": 0.08, "support": 15}, "2": {"precision": 0.3333333333333333, "recall": 0.18181818181818182, "f1-score": 0.23529411764705885, "support": 11}, "3": {"precision": 0.14285714285714285, "recall": 0.23076923076923078, "f1-score": 0.17647058823529413, "support": 13}, "4": {"precision": 0.16666666666666666, "recall": 0.25, "f1-score": 0.2, "support": 8}, "5": {"precision": 0.23076923076923078, "recall": 0.2, "f1-score": 0.21428571428571427, "support": 15}, "accuracy": 0.225, "macro avg": {"precision": 0.2270858770858771, "recall": 0.2196904946904947, "f1-score": 0.21582321817615935, "support": 80}, "weighted avg": {"precision": 0.2352335164835165, "recall": 0.225, "f1-score": 0.22370798319327728, "support": 80}}, "start": "21:54:09", "end": "21:55:33"}
