{"f1_macro": 0.7995419621749409, "accuracy_score": 0.8235294117647058, "balanced_accuracy_score": 0.8068910256410257, "matthews_corrcoef": 0.7651853227651048, "classification_report": {"1": {"precision": 0.47058823529411764, "recall": 0.6153846153846154, "f1-score": 0.5333333333333333, "support": 13}, "2": {"precision": 0.7727272727272727, "recall": 0.6538461538461539, "f1-score": 0.7083333333333333, "support": 26}, "3": {"precision": 1.0, "recall": 0.9583333333333334, "f1-score": 0.9787234042553191, "support": 24}, "4": {"precision": 0.9565217391304348, "recall": 1.0, "f1-score": 0.9777777777777777, "support": 22}, "accuracy": 0.8235294117647058, "macro avg": {"precision": 0.7999593117879562, "recall": 0.8068910256410257, "f1-score": 0.7995419621749409, "support": 85}, "weighted avg": {"precision": 0.8382592283600256, "recall": 0.8235294117647058, "f1-score": 0.8276526213322208, "support": 85}}, "start": "22:49:14", "end": "22:51:04"}