{"f1_macro": 0.7578262986317041, "accuracy_score": 0.785, "balanced_accuracy_score": 0.7659981684981684, "matthews_corrcoef": 0.7620131782476424, "classification_report": {"1": {"precision": 1.0, "recall": 1.0, "f1-score": 1.0, "support": 23}, "2": {"precision": 0.9545454545454546, "recall": 1.0, "f1-score": 0.9767441860465117, "support": 21}, "3": {"precision": 0.8148148148148148, "recall": 0.7333333333333333, "f1-score": 0.7719298245614035, "support": 30}, "4": {"precision": 0.55, "recall": 0.7857142857142857, "f1-score": 0.6470588235294117, "support": 14}, "5": {"precision": 0.75, "recall": 0.75, "f1-score": 0.75, "support": 12}, "6": {"precision": 0.8888888888888888, "recall": 0.5333333333333333, "f1-score": 0.6666666666666667, "support": 15}, "7": {"precision": 0.391304347826087, "recall": 0.6428571428571429, "f1-score": 0.4864864864864865, "support": 14}, "8": {"precision": 0.8571428571428571, "recall": 0.9230769230769231, "f1-score": 0.888888888888889, "support": 26}, "9": {"precision": 1.0, "recall": 0.9583333333333334, "f1-score": 0.9787234042553191, "support": 24}, "10": {"precision": 0.5384615384615384, "recall": 0.3333333333333333, "f1-score": 0.41176470588235287, "support": 21}, "accuracy": 0.785, "macro avg": {"precision": 0.774515790167964, "recall": 0.7659981684981684, "f1-score": 0.7578262986317041, "support": 200}, "weighted avg": {"precision": 0.8029744989310208, "recall": 0.785, "f1-score": 0.783933443104048, "support": 200}}, "start": "22:09:26", "end": "22:11:58"}
