{"f1_macro": 0.8051068788171005, "accuracy_score": 0.8588235294117647, "balanced_accuracy_score": 0.8041666666666667, "matthews_corrcoef": 0.8087104107280034, "classification_report": {"1": {"precision": 0.6666666666666666, "recall": 0.75, "f1-score": 0.7058823529411765, "support": 16}, "2": {"precision": 0.7777777777777778, "recall": 0.4666666666666667, "f1-score": 0.5833333333333334, "support": 15}, "3": {"precision": 0.9615384615384616, "recall": 1.0, "f1-score": 0.9803921568627451, "support": 25}, "4": {"precision": 0.90625, "recall": 1.0, "f1-score": 0.9508196721311475, "support": 29}, "accuracy": 0.8588235294117647, "macro avg": {"precision": 0.8280582264957265, "recall": 0.8041666666666667, "f1-score": 0.8051068788171005, "support": 85}, "weighted avg": {"precision": 0.8547417043740574, "recall": 0.8588235294117647, "f1-score": 0.848561083063891, "support": 85}}, "start": "22:58:15", "end": "23:00:10"}
