{"roc_auc": 0.6666666666666666, "accuracy_score": 0.7012987012987013, "balanced_accuracy_score": 0.6666666666666666, "matthews_corrcoef": 0.3897622691986715, "f1_score": 0.7012987012987013, "classification_report": {"0": {"precision": 0.6779661016949152, "recall": 0.9090909090909091, "f1-score": 0.7766990291262135, "support": 44}, "1": {"precision": 0.7777777777777778, "recall": 0.42424242424242425, "f1-score": 0.5490196078431373, "support": 33}, "accuracy": 0.7012987012987013, "macro avg": {"precision": 0.7278719397363465, "recall": 0.6666666666666666, "f1-score": 0.6628593184846754, "support": 77}, "weighted avg": {"precision": 0.7207425343018563, "recall": 0.7012987012987013, "f1-score": 0.6791221342906093, "support": 77}}, "start": "21:42:50", "end": "21:43:46"}
