,model,score_val,pred_time_val,fit_time,pred_time_val_marginal,fit_time_marginal,stack_level,can_infer
0,weighted_ensemble_k0_l1,-0.266317720163292,0.6736843585968018,7.665165185928345,0.0010077953338623047,0.5438461303710938,1,True
1,RandomForestRegressorMSE_STACKER_l0,-0.27134329896907217,0.6329784393310547,4.345122814178467,0.6329784393310547,4.345122814178467,0,True
2,CatboostRegressor_STACKER_l0,-0.282647905464351,0.039698123931884766,2.776196241378784,0.039698123931884766,2.776196241378784,0,True
3,ExtraTreesRegressorMSE_STACKER_l0,-0.29281580756013736,0.8334319591522217,3.4585061073303223,0.8334319591522217,3.4585061073303223,0,True
4,LightGBMRegressorCustom_STACKER_l0,-0.31373436191057336,0.027277708053588867,1.119016170501709,0.027277708053588867,1.119016170501709,0,True
5,LightGBMRegressor_STACKER_l0,-0.33963519999617625,0.029638051986694336,0.7579882144927979,0.029638051986694336,0.7579882144927979,0,True
6,NeuralNetRegressor_STACKER_l0,-0.4141707475928917,0.09841156005859375,11.45984673500061,0.09841156005859375,11.45984673500061,0,True
7,KNeighborsRegressorDist_STACKER_l0,-0.7337543091408524,0.6568832397460938,0.11210417747497559,0.6568832397460938,0.11210417747497559,0,True
8,KNeighborsRegressorUnif_STACKER_l0,-0.7917731958762887,0.6559360027313232,0.10955119132995605,0.6559360027313232,0.10955119132995605,0,True
