{"mean_absolute_error": 0.38965096646647623, "explained_variance_score": 0.819872145980276, "r2_score": 0.8189641030381658, "pearson_correlation": 0.9568948891172978, "mean_squared_error": 0.41253143574957607, "median_absolute_error": 0.2836015142337227, "start": "21:09:19", "end": "21:09:47"}
