{"time":5.83300000000001,"validation_metric":53.4885685414397,"test_metric":46.96}
