{"roc_auc": 0.8888594164456233, "accuracy_score": 0.966, "balanced_accuracy_score": 0.8888594164456234, "matthews_corrcoef": 0.8426740367862576, "f1_score": 0.966, "classification_report": {"0": {"precision": 0.968609865470852, "recall": 0.993103448275862, "f1-score": 0.9807037457434734, "support": 435}, "1": {"precision": 0.9444444444444444, "recall": 0.7846153846153846, "f1-score": 0.857142857142857, "support": 65}, "accuracy": 0.966, "macro avg": {"precision": 0.9565271549576482, "recall": 0.8888594164456234, "f1-score": 0.9189233014431653, "support": 500}, "weighted avg": {"precision": 0.965468360737419, "recall": 0.966, "f1-score": 0.9646408302253933, "support": 500}}, "start": "09:48:23", "end": "09:50:00"}