{"time":5.80199999999999,"validation_metric":52.7250646040595,"test_metric":52.94}
