{"f1_macro": 0.22110207594078565, "accuracy_score": 0.21518987341772153, "balanced_accuracy_score": 0.22460317460317458, "matthews_corrcoef": 0.06491745561338855, "classification_report": {"0": {"precision": 0.23076923076923078, "recall": 0.21428571428571427, "f1-score": 0.22222222222222224, "support": 14}, "1": {"precision": 0.375, "recall": 0.16666666666666666, "f1-score": 0.23076923076923078, "support": 18}, "2": {"precision": 0.23076923076923078, "recall": 0.2, "f1-score": 0.21428571428571427, "support": 15}, "3": {"precision": 0.10526315789473684, "recall": 0.16666666666666666, "f1-score": 0.12903225806451615, "support": 12}, "4": {"precision": 0.3333333333333333, "recall": 0.4, "f1-score": 0.3636363636363636, "support": 10}, "5": {"precision": 0.14285714285714285, "recall": 0.2, "f1-score": 0.16666666666666666, "support": 10}, "accuracy": 0.21518987341772153, "macro avg": {"precision": 0.23633201593727912, "recall": 0.22460317460317458, "f1-score": 0.22110207594078565, "support": 79}, "weighted avg": {"precision": 0.24642240948037084, "recall": 0.21518987341772153, "f1-score": 0.219375447836044, "support": 79}}, "start": "21:59:34", "end": "22:00:51"}