{"mean_absolute_error": 2.291794693300984, "explained_variance_score": 0.3646674243885547, "r2_score": 0.3633363084244239, "pearson_correlation": 0.6259444896329975, "mean_squared_error": 7.734034607621345, "median_absolute_error": 1.8864039616846, "start": "22:01:30", "end": "22:02:06"}
