{"f1_macro": 0.8366526904262752, "accuracy_score": 0.8095238095238095, "balanced_accuracy_score": 0.8426923076923076, "matthews_corrcoef": 0.7418183616311544, "classification_report": {"1": {"precision": 0.6956521739130435, "recall": 0.64, "f1-score": 0.6666666666666666, "support": 25}, "2": {"precision": 0.7037037037037037, "recall": 0.7307692307692307, "f1-score": 0.7169811320754716, "support": 26}, "3": {"precision": 1.0, "recall": 1.0, "f1-score": 1.0, "support": 20}, "4": {"precision": 0.9285714285714286, "recall": 1.0, "f1-score": 0.962962962962963, "support": 13}, "accuracy": 0.8095238095238095, "macro avg": {"precision": 0.831981826547044, "recall": 0.8426923076923076, "f1-score": 0.8366526904262752, "support": 84}, "weighted avg": {"precision": 0.8066551097089399, "recall": 0.8095238095238095, "f1-score": 0.8074606502279458, "support": 84}}, "start": "23:02:00", "end": "23:03:59"}
