{"f1_macro": 0.5463912630579297, "accuracy_score": 0.5850340136054422, "balanced_accuracy_score": 0.5491452991452991, "matthews_corrcoef": 0.34075511941467707, "classification_report": {"1": {"precision": 0.696969696969697, "recall": 0.6666666666666666, "f1-score": 0.6814814814814815, "support": 69}, "2": {"precision": 0.3793103448275862, "recall": 0.4230769230769231, "f1-score": 0.4, "support": 26}, "3": {"precision": 0.5576923076923077, "recall": 0.5576923076923077, "f1-score": 0.5576923076923077, "support": 52}, "accuracy": 0.5850340136054422, "macro avg": {"precision": 0.5446574498298636, "recall": 0.5491452991452991, "f1-score": 0.5463912630579297, "support": 147}, "weighted avg": {"precision": 0.5915168575267098, "recall": 0.5850340136054422, "f1-score": 0.5879062736205592, "support": 147}}, "start": "21:25:33", "end": "21:27:10"}