{"roc_auc": 0.7990867579908674, "accuracy_score": 0.8490566037735849, "balanced_accuracy_score": 0.7990867579908676, "matthews_corrcoef": 0.6356969871045647, "f1_score": 0.8490566037735849, "classification_report": {"1": {"precision": 0.8607594936708861, "recall": 0.9315068493150684, "f1-score": 0.8947368421052632, "support": 73}, "2": {"precision": 0.8148148148148148, "recall": 0.6666666666666666, "f1-score": 0.7333333333333333, "support": 33}, "accuracy": 0.8490566037735849, "macro avg": {"precision": 0.8377871542428504, "recall": 0.7990867579908676, "f1-score": 0.8140350877192982, "support": 106}, "weighted avg": {"precision": 0.8464559615741847, "recall": 0.8490566037735849, "f1-score": 0.844488579940417, "support": 106}}, "start": "22:39:45", "end": "22:40:49"}
