,model,score_val,pred_time_val,fit_time,pred_time_val_marginal,fit_time_marginal,stack_level,can_infer
0,weighted_ensemble_k0_l1,-0.2480525834291778,1.7715086936950684,26.116634607315063,0.0010342597961425781,0.545051097869873,1,True
1,ExtraTreesRegressorMSE_STACKER_l0,-0.2656557823129251,0.980079174041748,3.582057476043701,0.980079174041748,3.582057476043701,0,True
2,RandomForestRegressorMSE_STACKER_l0,-0.26572380952380953,0.6278584003448486,4.118843078613281,0.6278584003448486,4.118843078613281,0,True
3,LightGBMRegressorCustom_STACKER_l0,-0.2796709909402784,0.03467512130737305,1.474593162536621,0.03467512130737305,1.474593162536621,0,True
4,CatboostRegressor_STACKER_l0,-0.30058982688498037,0.04160666465759277,2.571204900741577,0.04160666465759277,2.571204900741577,0,True
5,LightGBMRegressor_STACKER_l0,-0.3527863311083205,0.029755115509033203,0.9529566764831543,0.029755115509033203,0.9529566764831543,0,True
6,NeuralNetRegressor_STACKER_l0,-0.3799982734784788,0.09810662269592285,15.443133115768433,0.09810662269592285,15.443133115768433,0,True
7,KNeighborsRegressorDist_STACKER_l0,-0.6393415670867902,0.6608953475952148,0.11345911026000977,0.6608953475952148,0.11345911026000977,0,True
8,KNeighborsRegressorUnif_STACKER_l0,-0.6882448979591838,0.662562370300293,0.11413717269897461,0.662562370300293,0.11413717269897461,0,True
