{"roc_auc": 0.8591367102396515, "accuracy_score": 0.96, "balanced_accuracy_score": 0.8591367102396514, "matthews_corrcoef": 0.8207197159164168, "f1_score": 0.96, "classification_report": {"0": {"precision": 0.9577777777777777, "recall": 0.9976851851851852, "f1-score": 0.9773242630385487, "support": 432}, "1": {"precision": 0.98, "recall": 0.7205882352941176, "f1-score": 0.8305084745762712, "support": 68}, "accuracy": 0.96, "macro avg": {"precision": 0.9688888888888889, "recall": 0.8591367102396514, "f1-score": 0.9039163688074099, "support": 500}, "weighted avg": {"precision": 0.9608, "recall": 0.96, "f1-score": 0.9573573158076789, "support": 500}}, "start": "09:43:19", "end": "09:45:04"}
