{"mean_absolute_error": 0.38861773944475375, "explained_variance_score": 0.6719978600732746, "r2_score": 0.6286356241329032, "pearson_correlation": 0.8223692303499333, "mean_squared_error": 0.23778798590748265, "median_absolute_error": 0.3342210400845378, "start": "21:09:48", "end": "21:10:20"}