{"f1_macro": 0.7131918081372957, "accuracy_score": 0.71, "balanced_accuracy_score": 0.7160866039779756, "matthews_corrcoef": 0.6768129793078985, "classification_report": {"1": {"precision": 1.0, "recall": 1.0, "f1-score": 1.0, "support": 16}, "2": {"precision": 0.8, "recall": 0.8571428571428571, "f1-score": 0.8275862068965518, "support": 14}, "3": {"precision": 0.5416666666666666, "recall": 0.7647058823529411, "f1-score": 0.6341463414634146, "support": 17}, "4": {"precision": 0.6923076923076923, "recall": 0.47368421052631576, "f1-score": 0.5625, "support": 19}, "5": {"precision": 0.7857142857142857, "recall": 0.7333333333333333, "f1-score": 0.7586206896551724, "support": 15}, "6": {"precision": 0.8181818181818182, "recall": 0.5294117647058824, "f1-score": 0.6428571428571428, "support": 17}, "7": {"precision": 0.4, "recall": 0.34782608695652173, "f1-score": 0.37209302325581395, "support": 23}, "8": {"precision": 0.7692307692307693, "recall": 0.9523809523809523, "f1-score": 0.8510638297872339, "support": 21}, "9": {"precision": 1.0, "recall": 0.9666666666666667, "f1-score": 0.983050847457627, "support": 30}, "10": {"precision": 0.46875, "recall": 0.5357142857142857, "f1-score": 0.5, "support": 28}, "accuracy": 0.71, "macro avg": {"precision": 0.7275851232101233, "recall": 0.7160866039779756, "f1-score": 0.7131918081372957, "support": 200}, "weighted avg": {"precision": 0.7186791541791542, "recall": 0.71, "f1-score": 0.7064204092948663, "support": 200}}, "start": "22:27:25", "end": "22:29:38"}