{"roc_auc": 0.7653181461115475, "accuracy_score": 0.8095238095238095, "balanced_accuracy_score": 0.7653181461115475, "matthews_corrcoef": 0.5766360248820261, "f1_score": 0.8095238095238095, "classification_report": {"1": {"precision": 0.8051948051948052, "recall": 0.9253731343283582, "f1-score": 0.8611111111111112, "support": 67}, "2": {"precision": 0.8214285714285714, "recall": 0.6052631578947368, "f1-score": 0.6969696969696969, "support": 38}, "accuracy": 0.8095238095238095, "macro avg": {"precision": 0.8133116883116883, "recall": 0.7653181461115475, "f1-score": 0.779040404040404, "support": 105}, "weighted avg": {"precision": 0.8110698824984539, "recall": 0.8095238095238095, "f1-score": 0.8017075517075517, "support": 105}}, "start": "22:47:59", "end": "22:49:07"}
