{"f1_macro": 0.8464973108277238, "accuracy_score": 0.8571428571428571, "balanced_accuracy_score": 0.8442589850585543, "matthews_corrcoef": 0.8079448484565589, "classification_report": {"1": {"precision": 0.6875, "recall": 0.6470588235294118, "f1-score": 0.6666666666666667, "support": 17}, "2": {"precision": 0.75, "recall": 0.782608695652174, "f1-score": 0.7659574468085107, "support": 23}, "3": {"precision": 1.0, "recall": 0.9473684210526315, "f1-score": 0.972972972972973, "support": 19}, "4": {"precision": 0.9615384615384616, "recall": 1.0, "f1-score": 0.9803921568627451, "support": 25}, "accuracy": 0.8571428571428571, "macro avg": {"precision": 0.8497596153846154, "recall": 0.8442589850585543, "f1-score": 0.8464973108277238, "support": 84}, "weighted avg": {"precision": 0.8568566849816851, "recall": 0.8571428571428571, "f1-score": 0.8565076787855261, "support": 84}}, "start": "23:00:10", "end": "23:02:00"}