{"f1_macro": 0.12857366220816074, "accuracy_score": 0.12658227848101267, "balanced_accuracy_score": 0.11757478632478631, "matthews_corrcoef": -0.045180596590470266, "classification_report": {"0": {"precision": 0.0, "recall": 0.0, "f1-score": 0.0, "support": 7}, "1": {"precision": 0.3, "recall": 0.23076923076923078, "f1-score": 0.2608695652173913, "support": 13}, "2": {"precision": 0.13333333333333333, "recall": 0.15384615384615385, "f1-score": 0.14285714285714288, "support": 13}, "3": {"precision": 0.047619047619047616, "recall": 0.06666666666666667, "f1-score": 0.05555555555555555, "support": 15}, "4": {"precision": 0.23076923076923078, "recall": 0.1875, "f1-score": 0.20689655172413793, "support": 16}, "5": {"precision": 0.25, "recall": 0.06666666666666667, "f1-score": 0.10526315789473685, "support": 15}, "accuracy": 0.12658227848101267, "macro avg": {"precision": 0.1602869352869353, "recall": 0.11757478632478631, "f1-score": 0.12857366220816074, "support": 79}, "weighted avg": {"precision": 0.17455603468261696, "recall": 0.12658227848101267, "f1-score": 0.13887433840898147, "support": 79}}, "start": "21:58:15", "end": "21:59:33"}