{"time":9.47199999999999,"validation_metric":21.4431911577068,"test_metric":13.8}
