{"roc_auc": 0.9017676686663887, "accuracy_score": 0.968, "balanced_accuracy_score": 0.9017676686663887, "matthews_corrcoef": 0.8669282806091042, "f1_score": 0.968, "classification_report": {"0": {"precision": 0.9681093394077449, "recall": 0.9953161592505855, "f1-score": 0.9815242494226328, "support": 427}, "1": {"precision": 0.9672131147540983, "recall": 0.8082191780821918, "f1-score": 0.880597014925373, "support": 73}, "accuracy": 0.968, "macro avg": {"precision": 0.9676612270809216, "recall": 0.9017676686663887, "f1-score": 0.9310606321740029, "support": 500}, "weighted avg": {"precision": 0.9679784906083125, "recall": 0.968, "f1-score": 0.9667888731860329, "support": 500}}, "start": "09:50:01", "end": "09:51:44"}
