{"mean_absolute_error": 0.18344861685460015, "explained_variance_score": 0.8811131786974835, "r2_score": 0.788674139763292, "pearson_correlation": 0.9463771795221743, "mean_squared_error": 0.05432646453324825, "median_absolute_error": 0.13273575661780468, "start": "21:08:50", "end": "21:09:18"}
