{"f1_macro": 0.20420630115027397, "accuracy_score": 0.2125, "balanced_accuracy_score": 0.21203703703703702, "matthews_corrcoef": 0.06531859098027777, "classification_report": {"0": {"precision": 0.2222222222222222, "recall": 0.3333333333333333, "f1-score": 0.26666666666666666, "support": 12}, "1": {"precision": 0.14285714285714285, "recall": 0.08333333333333333, "f1-score": 0.10526315789473685, "support": 12}, "2": {"precision": 0.3, "recall": 0.1875, "f1-score": 0.23076923076923075, "support": 16}, "3": {"precision": 0.29411764705882354, "recall": 0.3125, "f1-score": 0.30303030303030304, "support": 16}, "4": {"precision": 0.3333333333333333, "recall": 0.13333333333333333, "f1-score": 0.19047619047619044, "support": 15}, "5": {"precision": 0.09090909090909091, "recall": 0.2222222222222222, "f1-score": 0.1290322580645161, "support": 9}, "accuracy": 0.2125, "macro avg": {"precision": 0.23057323939676877, "recall": 0.21203703703703702, "f1-score": 0.20420630115027397, "support": 80}, "weighted avg": {"precision": 0.24631270690094217, "recall": 0.2125, "f1-score": 0.21277979519066106, "support": 80}}, "start": "21:49:04", "end": "21:50:17"}