{"mean_absolute_error": 33.8755267918081, "explained_variance_score": 0.05095270942385988, "r2_score": 0.050429030863409996, "pearson_correlation": 0.22676625082619759, "mean_squared_error": 1716.554212012178, "median_absolute_error": 28.05980172051531, "start": "20:47:15", "end": "20:47:43"}