{"roc_auc": 0.9067241125349832, "accuracy_score": 0.97, "balanced_accuracy_score": 0.9067241125349831, "matthews_corrcoef": 0.8568434193138633, "f1_score": 0.97, "classification_report": {"0": {"precision": 0.9752808988764045, "recall": 0.9908675799086758, "f1-score": 0.9830124575311437, "support": 438}, "1": {"precision": 0.9272727272727272, "recall": 0.8225806451612904, "f1-score": 0.8717948717948718, "support": 62}, "accuracy": 0.97, "macro avg": {"precision": 0.9512768130745659, "recall": 0.9067241125349831, "f1-score": 0.9274036646630077, "support": 500}, "weighted avg": {"precision": 0.9693278855975486, "recall": 0.97, "f1-score": 0.9692214768998461, "support": 500}}, "start": "09:40:07", "end": "09:41:44"}
