{"f1_macro": 0.5600878224731436, "accuracy_score": 0.564625850340136, "balanced_accuracy_score": 0.5530649697316364, "matthews_corrcoef": 0.33279466890039205, "classification_report": {"1": {"precision": 0.6415094339622641, "recall": 0.6071428571428571, "f1-score": 0.6238532110091742, "support": 56}, "2": {"precision": 0.6071428571428571, "recall": 0.4594594594594595, "f1-score": 0.5230769230769231, "support": 37}, "3": {"precision": 0.48484848484848486, "recall": 0.5925925925925926, "f1-score": 0.5333333333333333, "support": 54}, "accuracy": 0.564625850340136, "macro avg": {"precision": 0.5778335919845353, "recall": 0.5530649697316364, "f1-score": 0.5600878224731436, "support": 147}, "weighted avg": {"precision": 0.5753104231155829, "recall": 0.564625850340136, "f1-score": 0.565235550818775, "support": 147}}, "start": "21:22:35", "end": "21:24:01"}