{"f1_macro": 0.47347746470553487, "accuracy_score": 0.47619047619047616, "balanced_accuracy_score": 0.4712776741078628, "matthews_corrcoef": 0.2064467212255422, "classification_report": {"1": {"precision": 0.509090909090909, "recall": 0.5283018867924528, "f1-score": 0.5185185185185185, "support": 53}, "2": {"precision": 0.5, "recall": 0.40476190476190477, "f1-score": 0.4473684210526316, "support": 42}, "3": {"precision": 0.43103448275862066, "recall": 0.4807692307692308, "f1-score": 0.45454545454545453, "support": 52}, "accuracy": 0.47619047619047616, "macro avg": {"precision": 0.4800417972831766, "recall": 0.4712776741078628, "f1-score": 0.47347746470553487, "support": 147}, "weighted avg": {"precision": 0.4788817094235813, "recall": 0.47619047619047616, "f1-score": 0.4755599918507187, "support": 147}}, "start": "21:24:01", "end": "21:25:33"}
