{"mean_absolute_error": 44.869307724417176, "explained_variance_score": -0.026909762640478396, "r2_score": -0.02912799484533224, "pearson_correlation": 0.033393889789164986, "mean_squared_error": 2989.3159041447834, "median_absolute_error": 36.77866439174426, "start": "20:45:18", "end": "20:45:46"}
