{"roc_auc": 0.7534615384615385, "accuracy_score": 0.7792207792207793, "balanced_accuracy_score": 0.7534615384615384, "matthews_corrcoef": 0.5019286390935603, "f1_score": 0.7792207792207793, "classification_report": {"0": {"precision": 0.8431372549019608, "recall": 0.8269230769230769, "f1-score": 0.8349514563106797, "support": 52}, "1": {"precision": 0.6538461538461539, "recall": 0.68, "f1-score": 0.6666666666666666, "support": 25}, "accuracy": 0.7792207792207793, "macro avg": {"precision": 0.7484917043740573, "recall": 0.7534615384615384, "f1-score": 0.7508090614886731, "support": 77}, "weighted avg": {"precision": 0.781679105208517, "recall": 0.7792207792207793, "f1-score": 0.780313537595091, "support": 77}}, "start": "21:40:01", "end": "21:40:56"}