,model,score_val,pred_time_val,fit_time,pred_time_val_marginal,fit_time_marginal,stack_level,can_infer
0,weighted_ensemble_k0_l1,-39.0782627512794,0.16617989540100098,14.262039422988892,0.0026640892028808594,0.5678308010101318,1,True
1,LightGBMRegressorCustom_STACKER_l0,-39.15972472274598,0.030322790145874023,1.5433375835418701,0.030322790145874023,1.5433375835418701,0,True
2,LightGBMRegressor_STACKER_l0,-39.578239448052855,0.034986257553100586,0.936471700668335,0.034986257553100586,0.936471700668335,0,True
3,CatboostRegressor_STACKER_l0,-39.7162195562133,0.0459136962890625,1.7845795154571533,0.0459136962890625,1.7845795154571533,0,True
4,RandomForestRegressorMSE_STACKER_l0,-41.378791208791206,0.6225066184997559,4.287929058074951,0.6225066184997559,4.287929058074951,0,True
5,NeuralNetRegressor_STACKER_l0,-42.375551160875254,0.09820675849914551,11.214399337768555,0.09820675849914551,11.214399337768555,0,True
6,ExtraTreesRegressorMSE_STACKER_l0,-43.23979242979243,0.81113600730896,3.211805582046509,0.81113600730896,3.211805582046509,0,True
7,KNeighborsRegressorUnif_STACKER_l0,-44.24395604395605,0.6617250442504883,0.11405062675476074,0.6617250442504883,0.11405062675476074,0,True
8,KNeighborsRegressorDist_STACKER_l0,-44.46757074944826,0.6719202995300293,0.12287330627441406,0.6719202995300293,0.12287330627441406,0,True
