{"f1_macro": 0.7948673497445683, "accuracy_score": 0.82, "balanced_accuracy_score": 0.8005745970276863, "matthews_corrcoef": 0.8003139607646962, "classification_report": {"1": {"precision": 1.0, "recall": 0.9444444444444444, "f1-score": 0.9714285714285714, "support": 18}, "2": {"precision": 1.0, "recall": 0.9565217391304348, "f1-score": 0.9777777777777777, "support": 23}, "3": {"precision": 0.7272727272727273, "recall": 0.8888888888888888, "f1-score": 0.7999999999999999, "support": 18}, "4": {"precision": 0.7894736842105263, "recall": 0.6521739130434783, "f1-score": 0.7142857142857143, "support": 23}, "5": {"precision": 0.8, "recall": 0.8421052631578947, "f1-score": 0.8205128205128205, "support": 19}, "6": {"precision": 0.8695652173913043, "recall": 0.7692307692307693, "f1-score": 0.8163265306122449, "support": 26}, "7": {"precision": 0.5263157894736842, "recall": 0.6666666666666666, "f1-score": 0.5882352941176471, "support": 15}, "8": {"precision": 0.8387096774193549, "recall": 1.0, "f1-score": 0.9122807017543859, "support": 26}, "9": {"precision": 1.0, "recall": 1.0, "f1-score": 1.0, "support": 18}, "10": {"precision": 0.4444444444444444, "recall": 0.2857142857142857, "f1-score": 0.34782608695652173, "support": 14}, "accuracy": 0.82, "macro avg": {"precision": 0.7995781540212041, "recall": 0.8005745970276863, "f1-score": 0.7948673497445683, "support": 200}, "weighted avg": {"precision": 0.8199045507857793, "recall": 0.82, "f1-score": 0.8151490043180329, "support": 200}}, "start": "22:29:38", "end": "22:32:05"}
