{"f1_macro": 0.5130791672847748, "accuracy_score": 0.5405405405405406, "balanced_accuracy_score": 0.5148407148407149, "matthews_corrcoef": 0.2864970545347409, "classification_report": {"1": {"precision": 0.6666666666666666, "recall": 0.6060606060606061, "f1-score": 0.6349206349206349, "support": 66}, "2": {"precision": 0.36363636363636365, "recall": 0.4, "f1-score": 0.380952380952381, "support": 30}, "3": {"precision": 0.509090909090909, "recall": 0.5384615384615384, "f1-score": 0.5233644859813084, "support": 52}, "accuracy": 0.5405405405405406, "macro avg": {"precision": 0.5131313131313131, "recall": 0.5148407148407149, "f1-score": 0.5130791672847748, "support": 148}, "weighted avg": {"precision": 0.5498771498771499, "recall": 0.5405405405405406, "f1-score": 0.5442451797591984, "support": 148}}, "start": "21:14:47", "end": "21:16:20"}
