{"f1_macro": 0.5780967455692256, "accuracy_score": 0.6081081081081081, "balanced_accuracy_score": 0.577565270188221, "matthews_corrcoef": 0.39486323645299287, "classification_report": {"1": {"precision": 0.6935483870967742, "recall": 0.7049180327868853, "f1-score": 0.6991869918699187, "support": 61}, "2": {"precision": 0.5416666666666666, "recall": 0.3611111111111111, "f1-score": 0.43333333333333335, "support": 36}, "3": {"precision": 0.5483870967741935, "recall": 0.6666666666666666, "f1-score": 0.6017699115044248, "support": 51}, "accuracy": 0.6081081081081081, "macro avg": {"precision": 0.5945340501792115, "recall": 0.577565270188221, "f1-score": 0.5780967455692256, "support": 148}, "weighted avg": {"precision": 0.6065823888404533, "recall": 0.6081081081081081, "f1-score": 0.6009504864242616, "support": 148}}, "start": "21:13:09", "end": "21:14:47"}
