{"roc_auc": 0.8339208773991383, "accuracy_score": 0.8490566037735849, "balanced_accuracy_score": 0.8339208773991382, "matthews_corrcoef": 0.6678417547982766, "f1_score": 0.8490566037735849, "classification_report": {"1": {"precision": 0.8840579710144928, "recall": 0.8840579710144928, "f1-score": 0.8840579710144928, "support": 69}, "2": {"precision": 0.7837837837837838, "recall": 0.7837837837837838, "f1-score": 0.7837837837837838, "support": 37}, "accuracy": 0.8490566037735849, "macro avg": {"precision": 0.8339208773991382, "recall": 0.8339208773991382, "f1-score": 0.8339208773991382, "support": 106}, "weighted avg": {"precision": 0.8490566037735849, "recall": 0.8490566037735849, "f1-score": 0.8490566037735849, "support": 106}}, "start": "22:42:05", "end": "22:43:14"}
