{"f1_macro": 0.5412871802146877, "accuracy_score": 0.5782312925170068, "balanced_accuracy_score": 0.5389087543112193, "matthews_corrcoef": 0.3349915104471397, "classification_report": {"1": {"precision": 0.6338028169014085, "recall": 0.7258064516129032, "f1-score": 0.6766917293233083, "support": 62}, "2": {"precision": 0.4782608695652174, "recall": 0.34375, "f1-score": 0.4, "support": 32}, "3": {"precision": 0.5471698113207547, "recall": 0.5471698113207547, "f1-score": 0.5471698113207547, "support": 53}, "accuracy": 0.5782312925170068, "macro avg": {"precision": 0.5530778325957936, "recall": 0.5389087543112193, "f1-score": 0.5412871802146877, "support": 147}, "weighted avg": {"precision": 0.5687083161494849, "recall": 0.5782312925170068, "f1-score": 0.5697611375377218, "support": 147}}, "start": "21:21:06", "end": "21:22:35"}
