{"f1_macro": 0.24126869187365255, "accuracy_score": 0.2375, "balanced_accuracy_score": 0.23621174147489934, "matthews_corrcoef": 0.09412269776227893, "classification_report": {"0": {"precision": 0.125, "recall": 0.07142857142857142, "f1-score": 0.09090909090909091, "support": 14}, "1": {"precision": 0.058823529411764705, "recall": 0.1, "f1-score": 0.07407407407407408, "support": 10}, "2": {"precision": 0.2222222222222222, "recall": 0.36363636363636365, "f1-score": 0.27586206896551724, "support": 11}, "3": {"precision": 0.19047619047619047, "recall": 0.2857142857142857, "f1-score": 0.22857142857142854, "support": 14}, "4": {"precision": 0.5714285714285714, "recall": 0.3333333333333333, "f1-score": 0.4210526315789474, "support": 12}, "5": {"precision": 0.5555555555555556, "recall": 0.2631578947368421, "f1-score": 0.35714285714285715, "support": 19}, "accuracy": 0.2375, "macro avg": {"precision": 0.28725101151571736, "recall": 0.23621174147489934, "f1-score": 0.24126869187365255, "support": 80}, "weighted avg": {"precision": 0.31077556022408964, "recall": 0.2375, "f1-score": 0.2510787079593794, "support": 80}}, "start": "21:50:18", "end": "21:51:32"}
