{"mean_absolute_error": 2.437281909627798, "explained_variance_score": 0.015974926096009923, "r2_score": -0.059590883071170886, "pearson_correlation": 0.38929471878636196, "mean_squared_error": 8.698544533170772, "median_absolute_error": 1.9725276701602483, "start": "22:05:41", "end": "22:06:17"}