{"f1_macro": 0.494601551726274, "accuracy_score": 0.5510204081632653, "balanced_accuracy_score": 0.4927217621446256, "matthews_corrcoef": 0.2724528610604979, "classification_report": {"1": {"precision": 0.6521739130434783, "recall": 0.6617647058823529, "f1-score": 0.656934306569343, "support": 68}, "2": {"precision": 0.35, "recall": 0.2692307692307692, "f1-score": 0.3043478260869565, "support": 26}, "3": {"precision": 0.5, "recall": 0.5471698113207547, "f1-score": 0.5225225225225225, "support": 53}, "accuracy": 0.5510204081632653, "macro avg": {"precision": 0.5007246376811594, "recall": 0.4927217621446256, "f1-score": 0.494601551726274, "support": 147}, "weighted avg": {"precision": 0.5438627624963029, "recall": 0.5510204081632653, "f1-score": 0.5461106803991149, "support": 147}}, "start": "21:19:37", "end": "21:21:06"}
