{"roc_auc": 0.8493640588906516, "accuracy_score": 0.946, "balanced_accuracy_score": 0.8493640588906515, "matthews_corrcoef": 0.8037296173914443, "f1_score": 0.946, "classification_report": {"0": {"precision": 0.9406392694063926, "recall": 0.9975786924939467, "f1-score": 0.9682726204465335, "support": 413}, "1": {"precision": 0.9838709677419355, "recall": 0.7011494252873564, "f1-score": 0.8187919463087249, "support": 87}, "accuracy": 0.946, "macro avg": {"precision": 0.9622551185741641, "recall": 0.8493640588906515, "f1-score": 0.8935322833776291, "support": 500}, "weighted avg": {"precision": 0.9481615849167772, "recall": 0.946, "f1-score": 0.9422629831465548, "support": 500}}, "start": "09:54:56", "end": "09:56:36"}