,model,score_val,pred_time_val,fit_time,pred_time_val_marginal,fit_time_marginal,stack_level,can_infer
0,weighted_ensemble_k0_l1,-147.66599940998617,0.2486114501953125,16.668598651885986,0.0012712478637695312,0.5209975242614746,1,True
1,CatboostRegressor_STACKER_l0,-148.48747233513964,0.050104618072509766,2.2935633659362793,0.050104618072509766,2.2935633659362793,0,True
2,LightGBMRegressor_STACKER_l0,-150.34540148984135,0.0404202938079834,0.8901944160461426,0.0404202938079834,0.8901944160461426,0,True
3,NeuralNetRegressor_STACKER_l0,-153.48901453456273,0.1568152904510498,12.96384334564209,0.1568152904510498,12.96384334564209,0,True
4,LightGBMRegressorCustom_STACKER_l0,-153.49083825549923,0.037535667419433594,1.428868293762207,0.037535667419433594,1.428868293762207,0,True
5,RandomForestRegressorMSE_STACKER_l0,-161.53700824499413,0.6509490013122559,4.54460072517395,0.6509490013122559,4.54460072517395,0,True
6,ExtraTreesRegressorMSE_STACKER_l0,-167.08135453474677,0.6363956928253174,3.4419665336608887,0.6363956928253174,3.4419665336608887,0,True
7,KNeighborsRegressorUnif_STACKER_l0,-178.2713780918728,0.8089821338653564,0.13390803337097168,0.8089821338653564,0.13390803337097168,0,True
8,KNeighborsRegressorDist_STACKER_l0,-179.7786351403554,0.680109977722168,0.13906264305114746,0.680109977722168,0.13906264305114746,0,True
