{"mean_absolute_error": 175.58210078899833, "explained_variance_score": 0.04118306319463272, "r2_score": 0.03378867206606495, "pearson_correlation": 0.21059697633253194, "mean_squared_error": 65529.53075613165, "median_absolute_error": 120.49730838931026, "start": "22:32:40", "end": "22:33:10"}
