{"f1_macro": 0.7919311128595157, "accuracy_score": 0.7738095238095238, "balanced_accuracy_score": 0.8092105263157894, "matthews_corrcoef": 0.706125219689203, "classification_report": {"1": {"precision": 0.8095238095238095, "recall": 0.5666666666666667, "f1-score": 0.6666666666666666, "support": 30}, "2": {"precision": 0.5384615384615384, "recall": 0.7368421052631579, "f1-score": 0.6222222222222222, "support": 19}, "3": {"precision": 0.9523809523809523, "recall": 1.0, "f1-score": 0.975609756097561, "support": 20}, "4": {"precision": 0.875, "recall": 0.9333333333333333, "f1-score": 0.9032258064516129, "support": 15}, "accuracy": 0.7738095238095238, "macro avg": {"precision": 0.793841575091575, "recall": 0.8092105263157894, "f1-score": 0.7919311128595157, "support": 84}, "weighted avg": {"precision": 0.7939178876678877, "recall": 0.7738095238095238, "f1-score": 0.77241433858271, "support": 84}}, "start": "23:04:00", "end": "23:05:44"}
