{"f1_macro": 0.8510417249547684, "accuracy_score": 0.8470588235294118, "balanced_accuracy_score": 0.8578804347826088, "matthews_corrcoef": 0.8017826209890525, "classification_report": {"1": {"precision": 0.8333333333333334, "recall": 0.625, "f1-score": 0.7142857142857143, "support": 24}, "2": {"precision": 0.6538461538461539, "recall": 0.85, "f1-score": 0.7391304347826088, "support": 20}, "3": {"precision": 1.0, "recall": 0.9565217391304348, "f1-score": 0.9777777777777777, "support": 23}, "4": {"precision": 0.9473684210526315, "recall": 1.0, "f1-score": 0.972972972972973, "support": 18}, "accuracy": 0.8470588235294118, "macro avg": {"precision": 0.8586369770580297, "recall": 0.8578804347826088, "f1-score": 0.8510417249547684, "support": 85}, "weighted avg": {"precision": 0.86034770183377, "recall": 0.8470588235294118, "f1-score": 0.8462102145989614, "support": 85}}, "start": "22:56:36", "end": "22:58:14"}