,model,score_val,pred_time_val,fit_time,pred_time_val_marginal,fit_time_marginal,stack_level,can_infer
0,weighted_ensemble_k0_l1,-149.73722389604737,0.09047341346740723,3.8804426193237305,0.0013761520385742188,0.555931568145752,1,True
1,CatboostRegressor_STACKER_l0,-149.83948741402008,0.05073881149291992,2.41015362739563,0.05073881149291992,2.41015362739563,0,True
2,LightGBMRegressor_STACKER_l0,-151.87536384439824,0.038358449935913086,0.9143574237823486,0.038358449935913086,0.9143574237823486,0,True
3,LightGBMRegressorCustom_STACKER_l0,-154.02499931987623,0.03625130653381348,1.434006929397583,0.03625130653381348,1.434006929397583,0,True
4,RandomForestRegressorMSE_STACKER_l0,-160.29897526501767,0.6516776084899902,4.65809965133667,0.6516776084899902,4.65809965133667,0,True
5,NeuralNetRegressor_STACKER_l0,-161.00822885466127,0.1643075942993164,12.503276109695435,0.1643075942993164,12.503276109695435,0,True
6,ExtraTreesRegressorMSE_STACKER_l0,-165.18979976442873,0.6492311954498291,3.5848188400268555,0.6492311954498291,3.5848188400268555,0,True
7,KNeighborsRegressorUnif_STACKER_l0,-182.35265017667845,0.6763186454772949,0.1331653594970703,0.6763186454772949,0.1331653594970703,0,True
8,KNeighborsRegressorDist_STACKER_l0,-184.79494945129977,0.852189302444458,0.13866901397705078,0.852189302444458,0.13866901397705078,0,True
