{"mean_absolute_error": 141.72028862032465, "explained_variance_score": 0.032579861562476276, "r2_score": 0.03252763139176318, "pearson_correlation": 0.18119654789804232, "mean_squared_error": 33570.36906860449, "median_absolute_error": 113.77425582773094, "start": "22:32:09", "end": "22:32:39"}