{"mean_absolute_error": 2.071503935835255, "explained_variance_score": 0.1477389290399479, "r2_score": 0.1413810292025981, "pearson_correlation": 0.3874983656195449, "mean_squared_error": 6.054139885928619, "median_absolute_error": 1.8574321803046225, "start": "22:03:17", "end": "22:03:56"}