,model,score_val,pred_time_val,fit_time,pred_time_val_marginal,fit_time_marginal,stack_level,can_infer
0,weighted_ensemble_k0_l1,-150.5592459841916,0.27906084060668945,19.452116012573242,0.0016222000122070312,0.626298189163208,1,True
1,CatboostRegressor_STACKER_l0,-150.75151498702996,0.05185222625732422,2.433093786239624,0.05185222625732422,2.433093786239624,0,True
2,LightGBMRegressorCustom_STACKER_l0,-153.07271981376462,0.04660797119140625,2.7037205696105957,0.04660797119140625,2.7037205696105957,0,True
3,LightGBMRegressor_STACKER_l0,-153.19705177293355,0.03877449035644531,0.9458155632019043,0.03877449035644531,0.9458155632019043,0,True
4,NeuralNetRegressor_STACKER_l0,-159.30206384793135,0.17897844314575195,13.689003467559814,0.17897844314575195,13.689003467559814,0,True
5,RandomForestRegressorMSE_STACKER_l0,-167.99657276995305,0.6383886337280273,4.369149923324585,0.6383886337280273,4.369149923324585,0,True
6,ExtraTreesRegressorMSE_STACKER_l0,-169.19541079812208,0.6562719345092773,3.639833450317383,0.6562719345092773,3.639833450317383,0,True
7,KNeighborsRegressorUnif_STACKER_l0,-177.5992957746479,0.7759420871734619,0.13063573837280273,0.7759420871734619,0.13063573837280273,0,True
8,KNeighborsRegressorDist_STACKER_l0,-179.6560329038428,0.6783437728881836,0.13889622688293457,0.6783437728881836,0.13889622688293457,0,True
