{"mean_absolute_error": 140.99251160087056, "explained_variance_score": -0.049955749775856484, "r2_score": -0.36490927353662816, "pearson_correlation": 0.01959415360203488, "mean_squared_error": 32833.464956231845, "median_absolute_error": 114.06194350029864, "start": "22:34:38", "end": "22:35:10"}