,model,score_val,pred_time_val,fit_time,pred_time_val_marginal,fit_time_marginal,stack_level,can_infer
0,weighted_ensemble_k0_l1,-151.0785361149215,0.13166165351867676,5.584871768951416,0.0015821456909179688,0.5679376125335693,1,True
1,CatboostRegressor_STACKER_l0,-151.16669487034093,0.04976940155029297,2.4873781204223633,0.04976940155029297,2.4873781204223633,0,True
2,LightGBMRegressorCustom_STACKER_l0,-153.2334280923173,0.04387021064758301,1.6276500225067139,0.04387021064758301,1.6276500225067139,0,True
3,LightGBMRegressor_STACKER_l0,-153.43201056994187,0.03643989562988281,0.9019060134887695,0.03643989562988281,0.9019060134887695,0,True
4,RandomForestRegressorMSE_STACKER_l0,-162.23956572769953,0.6433315277099609,4.486854076385498,0.6433315277099609,4.486854076385498,0,True
5,NeuralNetRegressor_STACKER_l0,-164.05603403440662,0.1597883701324463,12.98015570640564,0.1597883701324463,12.98015570640564,0,True
6,ExtraTreesRegressorMSE_STACKER_l0,-167.25708920187793,0.638169527053833,3.3701694011688232,0.638169527053833,3.3701694011688232,0,True
7,KNeighborsRegressorUnif_STACKER_l0,-183.51619718309863,0.773618221282959,0.13279366493225098,0.773618221282959,0.13279366493225098,0,True
8,KNeighborsRegressorDist_STACKER_l0,-186.09656972333062,0.6790542602539062,0.13824987411499023,0.6790542602539062,0.13824987411499023,0,True
