{"mean_absolute_error": 133.2653937187359, "explained_variance_score": 0.01425156599593691, "r2_score": 0.013767206429044831, "pearson_correlation": 0.13150703633394714, "mean_squared_error": 29505.39844331668, "median_absolute_error": 122.36506341403685, "start": "22:36:12", "end": "22:36:42"}