{"f1_macro": 0.7473822447065873, "accuracy_score": 0.75, "balanced_accuracy_score": 0.751931401931402, "matthews_corrcoef": 0.7229652096609005, "classification_report": {"1": {"precision": 1.0, "recall": 0.9230769230769231, "f1-score": 0.9600000000000001, "support": 13}, "2": {"precision": 0.9230769230769231, "recall": 0.9230769230769231, "f1-score": 0.9230769230769231, "support": 26}, "3": {"precision": 0.6666666666666666, "recall": 0.875, "f1-score": 0.7567567567567567, "support": 16}, "4": {"precision": 0.7894736842105263, "recall": 0.6818181818181818, "f1-score": 0.7317073170731707, "support": 22}, "5": {"precision": 0.7894736842105263, "recall": 0.6818181818181818, "f1-score": 0.7317073170731707, "support": 22}, "6": {"precision": 0.8461538461538461, "recall": 0.5789473684210527, "f1-score": 0.6875, "support": 19}, "7": {"precision": 0.42105263157894735, "recall": 0.42105263157894735, "f1-score": 0.42105263157894735, "support": 19}, "8": {"precision": 0.6923076923076923, "recall": 1.0, "f1-score": 0.8181818181818181, "support": 18}, "9": {"precision": 1.0, "recall": 0.9583333333333334, "f1-score": 0.9787234042553191, "support": 24}, "10": {"precision": 0.45454545454545453, "recall": 0.47619047619047616, "f1-score": 0.46511627906976744, "support": 21}, "accuracy": 0.75, "macro avg": {"precision": 0.7582750582750581, "recall": 0.751931401931402, "f1-score": 0.7473822447065873, "support": 200}, "weighted avg": {"precision": 0.7624371242792294, "recall": 0.75, "f1-score": 0.7491490317459656, "support": 200}}, "start": "22:06:54", "end": "22:09:25"}