,model,score_val,pred_time_val,fit_time,pred_time_val_marginal,fit_time_marginal,stack_level,can_infer
0,weighted_ensemble_k0_l1,-38.61247056994496,1.5214483737945557,18.962857723236084,0.0014138221740722656,0.5497407913208008,1,True
1,CatboostRegressor_STACKER_l0,-38.73543832752462,0.04459238052368164,1.790553092956543,0.04459238052368164,1.790553092956543,0,True
2,LightGBMRegressor_STACKER_l0,-38.95982059831703,0.03492021560668945,0.9846303462982178,0.03492021560668945,0.9846303462982178,0,True
3,LightGBMRegressorCustom_STACKER_l0,-39.191363061606424,0.03731226921081543,1.7874698638916016,0.03731226921081543,1.7874698638916016,0,True
4,RandomForestRegressorMSE_STACKER_l0,-40.833553113553116,0.7316970825195312,4.512852907180786,0.7316970825195312,4.512852907180786,0,True
5,NeuralNetRegressor_STACKER_l0,-40.85606585492145,0.11569094657897949,11.748067140579224,0.11569094657897949,11.748067140579224,0,True
6,ExtraTreesRegressorMSE_STACKER_l0,-43.23214896214896,0.6533184051513672,3.7728729248046875,0.6533184051513672,3.7728729248046875,0,True
7,KNeighborsRegressorUnif_STACKER_l0,-43.25494505494505,0.6715126037597656,0.11699342727661133,0.6715126037597656,0.11699342727661133,0,True
8,KNeighborsRegressorDist_STACKER_l0,-44.01042383347142,0.6734724044799805,0.12385439872741699,0.6734724044799805,0.12385439872741699,0,True
