{"mean_absolute_error": 33.656202020605086, "explained_variance_score": 0.005634626503432494, "r2_score": 0.004544173351790248, "pearson_correlation": 0.10718909245729534, "mean_squared_error": 1675.2150045572657, "median_absolute_error": 26.041196677157856, "start": "20:47:44", "end": "20:48:13"}
