{"mean_absolute_error": 40.59895978114863, "explained_variance_score": 0.0739933597030078, "r2_score": 0.07322493244011441, "pearson_correlation": 0.27295246572008397, "mean_squared_error": 2555.31270287403, "median_absolute_error": 26.609807927543812, "start": "20:45:46", "end": "20:46:16"}
