{"time":8.90700000000001,"validation_metric":18.4921465221928,"test_metric":20.04}
