{"roc_auc": 0.606140350877193, "accuracy_score": 0.7532467532467533, "balanced_accuracy_score": 0.606140350877193, "matthews_corrcoef": 0.2660079583736709, "f1_score": 0.7532467532467532, "classification_report": {"0": {"precision": 0.7878787878787878, "recall": 0.9122807017543859, "f1-score": 0.8455284552845528, "support": 57}, "1": {"precision": 0.5454545454545454, "recall": 0.3, "f1-score": 0.3870967741935483, "support": 20}, "accuracy": 0.7532467532467533, "macro avg": {"precision": 0.6666666666666666, "recall": 0.606140350877193, "f1-score": 0.6163126147390505, "support": 77}, "weighted avg": {"precision": 0.7249114521841794, "recall": 0.7532467532467533, "f1-score": 0.7264552913648114, "support": 77}}, "start": "21:44:45", "end": "21:45:43"}