{"mean_absolute_error": 40.05303287464112, "explained_variance_score": -0.03462368596950949, "r2_score": -0.03613932758109972, "pearson_correlation": 0.022237598662756992, "mean_squared_error": 2461.5723182572924, "median_absolute_error": 34.29546731699439, "start": "20:46:17", "end": "20:46:45"}