{"mean_absolute_error": 2.271897958970753, "explained_variance_score": 0.07325981254930347, "r2_score": 0.050539757983551925, "pearson_correlation": 0.30931985919633137, "mean_squared_error": 7.809988676472439, "median_absolute_error": 2.1660165584878692, "start": "22:02:41", "end": "22:03:17"}