{"roc_auc": 0.6536458333333333, "accuracy_score": 0.72, "balanced_accuracy_score": 0.6536458333333334, "matthews_corrcoef": 0.35606835531913483, "f1_score": 0.72, "classification_report": {"0": {"precision": 0.6818181818181818, "recall": 0.4166666666666667, "f1-score": 0.5172413793103449, "support": 36}, "1": {"precision": 0.7307692307692307, "recall": 0.890625, "f1-score": 0.8028169014084506, "support": 64}, "accuracy": 0.72, "macro avg": {"precision": 0.7062937062937062, "recall": 0.6536458333333334, "f1-score": 0.6600291403593977, "support": 100}, "weighted avg": {"precision": 0.7131468531468531, "recall": 0.72, "f1-score": 0.7000097134531326, "support": 100}}, "start": "21:27:14", "end": "21:28:20"}
